index,case:concept:name,activity,type,act_str
566,case_223C1,"[0, 1, 2, 7, 0, 5, 6, 7, 0, 5, 6, 7, 0, 5, 6, 7, 0, 3, 4, 7]",C,"[0, 1, 2, 7, 0, 5, 6, 7, 0, 5, 6, 7, 0, 5, 6, 7, 0, 3, 4, 7]"
538,case_204C1,"[0, 1, 2, 7, 0, 5, 6, 7, 0, 3, 4, 7, 0, 5, 6, 7, 0, 3, 4, 7]",C,"[0, 1, 2, 7, 0, 5, 6, 7, 0, 3, 4, 7, 0, 5, 6, 7, 0, 3, 4, 7]"
995,case_71C1,"[0, 1, 2, 7, 0, 5, 6, 7, 0, 3, 4, 7, 0, 5, 6, 7, 0, 5, 6, 7, 0, 5, 6, 7]",C,"[0, 1, 2, 7, 0, 5, 6, 7, 0, 3, 4, 7, 0, 5, 6, 7, 0, 5, 6, 7, 0, 5, 6, 7]"
603,case_251C1,"[0, 1, 2, 7, 0, 3, 4, 7, 0, 5, 6, 7, 0, 3, 4, 7]",C,"[0, 1, 2, 7, 0, 3, 4, 7, 0, 5, 6, 7, 0, 3, 4, 7]"
508,case_187C1,"[0, 1, 2, 7, 0, 3, 4, 7, 0, 3, 4, 7, 0, 5, 6, 7, 0, 3, 4, 7]",C,"[0, 1, 2, 7, 0, 3, 4, 7, 0, 3, 4, 7, 0, 5, 6, 7, 0, 3, 4, 7]"
462,case_157C1,"[0, 1, 2, 7, 0, 3, 4, 7, 0, 5, 6, 7, 0, 5, 6, 7]",C,"[0, 1, 2, 7, 0, 3, 4, 7, 0, 5, 6, 7, 0, 5, 6, 7]"
585,case_235C1,"[0, 1, 2, 7, 0, 3, 4, 7, 0, 5, 6, 7, 0, 3, 4, 7, 0, 5, 6, 7, 0, 3, 4, 7]",C,"[0, 1, 2, 7, 0, 3, 4, 7, 0, 5, 6, 7, 0, 3, 4, 7, 0, 5, 6, 7, 0, 3, 4, 7]"
542,case_207C1,"[0, 1, 2, 7, 0, 3, 4, 7, 0, 5, 6, 7, 0, 3, 4, 7, 0, 5, 6, 7, 0, 5, 6, 7]",C,"[0, 1, 2, 7, 0, 3, 4, 7, 0, 5, 6, 7, 0, 3, 4, 7, 0, 5, 6, 7, 0, 5, 6, 7]"
554,case_215C1,"[0, 1, 2, 7, 0, 3, 4, 7, 0, 5, 6, 7, 0, 5, 6, 7, 0, 5, 6, 7, 0, 5, 6, 7]",C,"[0, 1, 2, 7, 0, 3, 4, 7, 0, 5, 6, 7, 0, 5, 6, 7, 0, 5, 6, 7, 0, 5, 6, 7]"
466,case_15C1,"[0, 1, 2, 7, 0, 5, 6, 7, 0, 5, 6, 7, 0, 5, 6, 7, 0, 5, 6, 7, 0, 3, 4, 7]",C,"[0, 1, 2, 7, 0, 5, 6, 7, 0, 5, 6, 7, 0, 5, 6, 7, 0, 5, 6, 7, 0, 3, 4, 7]"
539,case_205C1,"[0, 1, 2, 7, 0, 5, 6, 7, 0, 5, 6, 7, 0, 5, 6, 7]",C,"[0, 1, 2, 7, 0, 5, 6, 7, 0, 5, 6, 7, 0, 5, 6, 7]"
521,case_192C1,"[0, 1, 2, 7, 0, 3, 4, 7, 0, 3, 4, 7, 0, 3, 4, 7, 0, 3, 4, 7, 0, 5, 6, 7]",C,"[0, 1, 2, 7, 0, 3, 4, 7, 0, 3, 4, 7, 0, 3, 4, 7, 0, 3, 4, 7, 0, 5, 6, 7]"
264,case_126C1,"[0, 1, 2, 7, 0, 5, 6, 7, 0, 5, 6, 7, 0, 3, 4, 7]",C,"[0, 1, 2, 7, 0, 5, 6, 7, 0, 5, 6, 7, 0, 3, 4, 7]"
568,case_227C1,"[0, 1, 2, 7, 0, 3, 4, 7, 0, 3, 4, 7, 0, 5, 6, 7, 0, 5, 6, 7, 0, 3, 4, 7]",C,"[0, 1, 2, 7, 0, 3, 4, 7, 0, 3, 4, 7, 0, 5, 6, 7, 0, 5, 6, 7, 0, 3, 4, 7]"
544,case_20C1,"[0, 1, 2, 7, 0, 5, 6, 7, 0, 5, 6, 7, 0, 5, 6, 7, 0, 5, 6, 7]",C,"[0, 1, 2, 7, 0, 5, 6, 7, 0, 5, 6, 7, 0, 5, 6, 7, 0, 5, 6, 7]"
609,case_258C1,"[0, 1, 2, 7, 0, 3, 4, 7, 0, 5, 6, 7, 0, 5, 6, 7, 0, 3, 4, 7]",C,"[0, 1, 2, 7, 0, 3, 4, 7, 0, 5, 6, 7, 0, 5, 6, 7, 0, 3, 4, 7]"
381,case_140C1,"[0, 1, 2, 7, 0, 3, 4, 7, 0, 3, 4, 7, 0, 5, 6, 7]",C,"[0, 1, 2, 7, 0, 3, 4, 7, 0, 3, 4, 7, 0, 5, 6, 7]"
359,case_138C1,"[0, 1, 2, 7, 0, 5, 6, 7, 0, 3, 4, 7, 0, 3, 4, 7]",C,"[0, 1, 2, 7, 0, 5, 6, 7, 0, 3, 4, 7, 0, 3, 4, 7]"
622,case_261C1,"[0, 1, 2, 7, 0, 5, 6, 7, 0, 3, 4, 7, 0, 5, 6, 7, 0, 5, 6, 7]",C,"[0, 1, 2, 7, 0, 5, 6, 7, 0, 3, 4, 7, 0, 5, 6, 7, 0, 5, 6, 7]"
168,case_114C1,"[0, 1, 2, 7, 0, 3, 4, 7, 0, 5, 6, 7, 0, 3, 4, 7, 0, 3, 4, 7, 0, 5, 6, 7]",C,"[0, 1, 2, 7, 0, 3, 4, 7, 0, 5, 6, 7, 0, 3, 4, 7, 0, 3, 4, 7, 0, 5, 6, 7]"
124,case_10C2,"[0, 1, 5, 6, 7, 0, 3, 5, 6, 7, 0, 3, 5, 6, 7, 0, 4, 5, 6, 7]",C,"[0, 1, 5, 6, 7, 0, 3, 5, 6, 7, 0, 3, 5, 6, 7, 0, 4, 5, 6, 7]"
275,case_127C2,"[0, 1, 5, 6, 7, 0, 3, 5, 6, 7, 0, 2, 5, 6, 7, 0, 2, 5, 6, 7, 0, 3, 5, 6, 7]",C,"[0, 1, 5, 6, 7, 0, 3, 5, 6, 7, 0, 2, 5, 6, 7, 0, 2, 5, 6, 7, 0, 3, 5, 6, 7]"
28,case_101C2,"[0, 1, 5, 6, 7, 0, 4, 5, 6, 7, 0, 3, 5, 6, 7]",C,"[0, 1, 5, 6, 7, 0, 4, 5, 6, 7, 0, 3, 5, 6, 7]"
674,case_2C2,"[0, 1, 5, 6, 7, 0, 2, 5, 6, 7, 0, 2, 5, 6, 7, 0, 3, 5, 6, 7, 0, 2, 5, 6, 7]",C,"[0, 1, 5, 6, 7, 0, 2, 5, 6, 7, 0, 2, 5, 6, 7, 0, 3, 5, 6, 7, 0, 2, 5, 6, 7]"
1132,case_96C2,"[0, 1, 5, 6, 7, 0, 3, 5, 6, 7, 0, 3, 5, 6, 7, 0, 2, 5, 6, 7, 0, 2, 5, 6, 7, 0, 2, 5, 6, 7]",C,"[0, 1, 5, 6, 7, 0, 3, 5, 6, 7, 0, 3, 5, 6, 7, 0, 2, 5, 6, 7, 0, 2, 5, 6, 7, 0, 2, 5, 6, 7]"
390,case_141C2,"[0, 1, 5, 6, 7, 0, 2, 5, 6, 7, 0, 4, 5, 6, 7, 0, 4, 5, 6, 7, 0, 2, 5, 6, 7]",C,"[0, 1, 5, 6, 7, 0, 2, 5, 6, 7, 0, 4, 5, 6, 7, 0, 4, 5, 6, 7, 0, 2, 5, 6, 7]"
332,case_134C2,"[0, 1, 5, 6, 7, 0, 2, 5, 6, 7, 0, 3, 5, 6, 7]",C,"[0, 1, 5, 6, 7, 0, 2, 5, 6, 7, 0, 3, 5, 6, 7]"
492,case_179C2,"[0, 1, 5, 6, 7, 0, 2, 5, 6, 7, 0, 2, 5, 6, 7, 0, 4, 5, 6, 7, 0, 3, 5, 6, 7, 0, 2, 5, 6, 7]",C,"[0, 1, 5, 6, 7, 0, 2, 5, 6, 7, 0, 2, 5, 6, 7, 0, 4, 5, 6, 7, 0, 3, 5, 6, 7, 0, 2, 5, 6, 7]"
529,case_19C2,"[0, 1, 5, 6, 7, 0, 3, 5, 6, 7, 0, 3, 5, 6, 7, 0, 2, 5, 6, 7]",C,"[0, 1, 5, 6, 7, 0, 3, 5, 6, 7, 0, 3, 5, 6, 7, 0, 2, 5, 6, 7]"
476,case_163C2,"[0, 1, 5, 6, 7, 0, 2, 5, 6, 7, 0, 4, 5, 6, 7, 0, 4, 5, 6, 7]",C,"[0, 1, 5, 6, 7, 0, 2, 5, 6, 7, 0, 4, 5, 6, 7, 0, 4, 5, 6, 7]"
905,case_57C2,"[0, 1, 5, 6, 7, 0, 2, 5, 6, 7, 0, 3, 5, 6, 7, 0, 2, 5, 6, 7, 0, 4, 5, 6, 7, 0, 2, 5, 6, 7]",C,"[0, 1, 5, 6, 7, 0, 2, 5, 6, 7, 0, 3, 5, 6, 7, 0, 2, 5, 6, 7, 0, 4, 5, 6, 7, 0, 2, 5, 6, 7]"
524,case_195C2,"[0, 1, 5, 6, 7, 0, 2, 5, 6, 7, 0, 3, 5, 6, 7, 0, 4, 5, 6, 7]",C,"[0, 1, 5, 6, 7, 0, 2, 5, 6, 7, 0, 3, 5, 6, 7, 0, 4, 5, 6, 7]"
281,case_128C2,"[0, 1, 5, 6, 7, 0, 3, 5, 6, 7, 0, 3, 5, 6, 7]",C,"[0, 1, 5, 6, 7, 0, 3, 5, 6, 7, 0, 3, 5, 6, 7]"
474,case_161C2,"[0, 1, 5, 6, 7, 0, 4, 5, 6, 7, 0, 3, 5, 6, 7, 0, 4, 5, 6, 7]",C,"[0, 1, 5, 6, 7, 0, 4, 5, 6, 7, 0, 3, 5, 6, 7, 0, 4, 5, 6, 7]"
847,case_49C2,"[0, 1, 5, 6, 7, 0, 3, 5, 6, 7, 0, 3, 5, 6, 7, 0, 3, 5, 6, 7, 0, 3, 5, 6, 7]",C,"[0, 1, 5, 6, 7, 0, 3, 5, 6, 7, 0, 3, 5, 6, 7, 0, 3, 5, 6, 7, 0, 3, 5, 6, 7]"
1,case_0C2,"[0, 1, 5, 6, 7, 0, 4, 5, 6, 7]",C,"[0, 1, 5, 6, 7, 0, 4, 5, 6, 7]"
382,case_140C2,"[0, 1, 5, 6, 7, 0, 4, 5, 6, 7, 0, 2, 5, 6, 7, 0, 3, 5, 6, 7, 0, 3, 5, 6, 7]",C,"[0, 1, 5, 6, 7, 0, 4, 5, 6, 7, 0, 2, 5, 6, 7, 0, 3, 5, 6, 7, 0, 3, 5, 6, 7]"
461,case_156C2,"[0, 1, 5, 6, 7, 0, 4, 5, 6, 7, 0, 3, 5, 6, 7, 0, 3, 5, 6, 7]",C,"[0, 1, 5, 6, 7, 0, 4, 5, 6, 7, 0, 3, 5, 6, 7, 0, 3, 5, 6, 7]"
709,case_33C2,"[0, 1, 5, 6, 7, 0, 4, 5, 6, 7, 0, 4, 5, 6, 7, 0, 2, 5, 6, 7]",C,"[0, 1, 5, 6, 7, 0, 4, 5, 6, 7, 0, 4, 5, 6, 7, 0, 2, 5, 6, 7]"
74,case_105C2,"[0, 1, 5, 6, 7, 0, 2, 5, 6, 7, 0, 2, 5, 6, 7, 0, 2, 5, 6, 7, 0, 3, 5, 6, 7, 0, 4, 5, 6, 7]",C,"[0, 1, 5, 6, 7, 0, 2, 5, 6, 7, 0, 2, 5, 6, 7, 0, 2, 5, 6, 7, 0, 3, 5, 6, 7, 0, 4, 5, 6, 7]"
362,case_138L1,"[0, 1, 2, 3, 4, 5, 6, 7, 0, 1, 2, 3, 4, 5, 6, 0, 1, 2, 3, 4, 5, 6, 1, 2, 3, 4, 5, 6, 7, 0, 1, 2, 3, 4, 5, 6, 0, 1, 2, 3, 4, 5, 6, 0, 1, 2, 3, 4, 5, 6, 7, 0, 1, 2, 3, 4, 5, 6, 1, 2, 3, 4, 5, 6, 7, 1, 2, 3, 4, 5, 6, 1, 2, 3, 4, 5, 6, 1, 2, 3, 4, 5, 6, 0, 1, 2, 3, 4, 5, 6, 7, 0, 1, 2, 3, 4, 5, 6, 0, 1, 2, 3, 4, 5, 6, 0, 1, 2, 3, 4, 5, 6, 7]",L,"[0, 1, 2, 3, 4, 5, 6, 7, 0, 1, 2, 3, 4, 5, 6, 0, 1, 2, 3, 4, 5, 6, 1, 2, 3, 4, 5, 6, 7, 0, 1, 2, 3, 4, 5, 6, 0, 1, 2, 3, 4, 5, 6, 0, 1, 2, 3, 4, 5, 6, 7, 0, 1, 2, 3, 4, 5, 6, 1, 2, 3, 4, 5, 6, 7, 1, 2, 3, 4, 5, 6, 1, 2, 3, 4, 5, 6, 1, 2, 3, 4, 5, 6, 0, 1, 2, 3, 4, 5, 6, 7, 0, 1, 2, 3, 4, 5, 6, 0, 1, 2, 3, 4, 5, 6, 0, 1, 2, 3, 4, 5, 6, 7]"
4,case_0L1,"[0, 1, 2, 3, 4, 5, 6, 7, 0, 1, 2, 3, 4, 5, 6, 0, 1, 2, 3, 4, 5, 6, 1, 2, 3, 4, 5, 6, 1, 2, 3, 4, 5, 6, 1, 2, 3, 4, 5, 6, 7, 2, 3, 4, 5, 6, 7, 0, 1, 2, 3, 4, 5, 6, 0, 1, 2, 3, 4, 5, 6, 1, 2, 3, 4, 5, 6, 0, 1, 2, 3, 4, 5, 6, 0, 1, 2, 3, 4, 5, 6, 7]",L,"[0, 1, 2, 3, 4, 5, 6, 7, 0, 1, 2, 3, 4, 5, 6, 0, 1, 2, 3, 4, 5, 6, 1, 2, 3, 4, 5, 6, 1, 2, 3, 4, 5, 6, 1, 2, 3, 4, 5, 6, 7, 2, 3, 4, 5, 6, 7, 0, 1, 2, 3, 4, 5, 6, 0, 1, 2, 3, 4, 5, 6, 1, 2, 3, 4, 5, 6, 0, 1, 2, 3, 4, 5, 6, 0, 1, 2, 3, 4, 5, 6, 7]"
1108,case_90L1,"[0, 1, 2, 3, 4, 5, 6, 7, 0, 1, 2, 3, 4, 5, 6, 0, 1, 2, 3, 4, 5, 6, 7, 2, 3, 4, 5, 6, 7, 2, 3, 4, 5, 6, 1, 2, 3, 4, 5, 6, 1, 2, 3, 4, 5, 6, 0, 1, 2, 3, 4, 5, 6, 7]",L,"[0, 1, 2, 3, 4, 5, 6, 7, 0, 1, 2, 3, 4, 5, 6, 0, 1, 2, 3, 4, 5, 6, 7, 2, 3, 4, 5, 6, 7, 2, 3, 4, 5, 6, 1, 2, 3, 4, 5, 6, 1, 2, 3, 4, 5, 6, 0, 1, 2, 3, 4, 5, 6, 7]"
831,case_47L1,"[0, 1, 2, 3, 4, 5, 6, 7, 0, 1, 2, 3, 4, 5, 6, 0, 1, 2, 3, 4, 5, 6, 1, 2, 3, 4, 5, 6, 1, 2, 3, 4, 5, 6, 7, 1, 2, 3, 4, 5, 6, 0, 1, 2, 3, 4, 5, 6, 7]",L,"[0, 1, 2, 3, 4, 5, 6, 7, 0, 1, 2, 3, 4, 5, 6, 0, 1, 2, 3, 4, 5, 6, 1, 2, 3, 4, 5, 6, 1, 2, 3, 4, 5, 6, 7, 1, 2, 3, 4, 5, 6, 0, 1, 2, 3, 4, 5, 6, 7]"
963,case_66L1,"[0, 1, 2, 3, 4, 5, 6, 7, 0, 1, 2, 3, 4, 5, 6, 0, 1, 2, 3, 4, 5, 6, 0, 1, 2, 3, 4, 5, 6, 1, 2, 3, 4, 5, 6, 1, 2, 3, 4, 5, 6, 7, 0, 1, 2, 3, 4, 5, 6, 1, 2, 3, 4, 5, 6, 0, 1, 2, 3, 4, 5, 6, 7, 0, 1, 2, 3, 4, 5, 6, 1, 2, 3, 4, 5, 6, 0, 1, 2, 3, 4, 5, 6, 7]",L,"[0, 1, 2, 3, 4, 5, 6, 7, 0, 1, 2, 3, 4, 5, 6, 0, 1, 2, 3, 4, 5, 6, 0, 1, 2, 3, 4, 5, 6, 1, 2, 3, 4, 5, 6, 1, 2, 3, 4, 5, 6, 7, 0, 1, 2, 3, 4, 5, 6, 1, 2, 3, 4, 5, 6, 0, 1, 2, 3, 4, 5, 6, 7, 0, 1, 2, 3, 4, 5, 6, 1, 2, 3, 4, 5, 6, 0, 1, 2, 3, 4, 5, 6, 7]"
276,case_127L1,"[0, 1, 2, 3, 4, 5, 6, 7, 0, 1, 2, 3, 4, 5, 6, 1, 2, 3, 4, 5, 6, 1, 2, 3, 4, 5, 6, 1, 2, 3, 4, 5, 6, 1, 2, 3, 4, 5, 6, 0, 1, 2, 3, 4, 5, 6, 0, 1, 2, 3, 4, 5, 6, 0, 1, 2, 3, 4, 5, 6, 0, 1, 2, 3, 4, 5, 6, 7, 1, 2, 3, 4, 5, 6, 7, 2, 3, 4, 5, 6, 7, 1, 2, 3, 4, 5, 6, 7, 0, 1, 2, 3, 4, 5, 6, 7, 1, 2, 3, 4, 5, 6, 7, 0, 1, 2, 3, 4, 5, 6, 7, 0, 1, 2, 3, 4, 5, 6, 7, 1, 2, 3, 4, 5, 6, 0, 1, 2, 3, 4, 5, 6, 7, 2, 3, 4, 5, 6, 7, 2, 3, 4, 5, 6, 7, 2, 3, 4, 5, 6, 7, 0, 1, 2, 3, 4, 5, 6, 0, 1, 2, 3, 4, 5, 6, 0, 1, 2, 3, 4, 5, 6, 0, 1, 2, 3, 4, 5, 6, 0, 1, 2, 3, 4, 5, 6, 7]",L,"[0, 1, 2, 3, 4, 5, 6, 7, 0, 1, 2, 3, 4, 5, 6, 1, 2, 3, 4, 5, 6, 1, 2, 3, 4, 5, 6, 1, 2, 3, 4, 5, 6, 1, 2, 3, 4, 5, 6, 0, 1, 2, 3, 4, 5, 6, 0, 1, 2, 3, 4, 5, 6, 0, 1, 2, 3, 4, 5, 6, 0, 1, 2, 3, 4, 5, 6, 7, 1, 2, 3, 4, 5, 6, 7, 2, 3, 4, 5, 6, 7, 1, 2, 3, 4, 5, 6, 7, 0, 1, 2, 3, 4, 5, 6, 7, 1, 2, 3, 4, 5, 6, 7, 0, 1, 2, 3, 4, 5, 6, 7, 0, 1, 2, 3, 4, 5, 6, 7, 1, 2, 3, 4, 5, 6, 0, 1, 2, 3, 4, 5, 6, 7, 2, 3, 4, 5, 6, 7, 2, 3, 4, 5, 6, 7, 2, 3, 4, 5, 6, 7, 0, 1, 2, 3, 4, 5, 6, 0, 1, 2, 3, 4, 5, 6, 0, 1, 2, 3, 4, 5, 6, 0, 1, 2, 3, 4, 5, 6, 0, 1, 2, 3, 4, 5, 6, 7]"
990,case_70L1,"[0, 1, 2, 3, 4, 5, 6, 7, 0, 1, 2, 3, 4, 5, 6, 1, 2, 3, 4, 5, 6, 7]",L,"[0, 1, 2, 3, 4, 5, 6, 7, 0, 1, 2, 3, 4, 5, 6, 1, 2, 3, 4, 5, 6, 7]"
368,case_139L1,"[0, 1, 2, 3, 4, 5, 6, 7, 0, 1, 2, 3, 4, 5, 6, 0, 1, 2, 3, 4, 5, 6, 7, 0, 1, 2, 3, 4, 5, 6, 0, 1, 2, 3, 4, 5, 6, 7, 0, 1, 2, 3, 4, 5, 6, 7]",L,"[0, 1, 2, 3, 4, 5, 6, 7, 0, 1, 2, 3, 4, 5, 6, 0, 1, 2, 3, 4, 5, 6, 7, 0, 1, 2, 3, 4, 5, 6, 0, 1, 2, 3, 4, 5, 6, 7, 0, 1, 2, 3, 4, 5, 6, 7]"
204,case_119L1,"[0, 1, 2, 3, 4, 5, 6, 7, 0, 1, 2, 3, 4, 5, 6, 7, 1, 2, 3, 4, 5, 6, 0, 1, 2, 3, 4, 5, 6, 0, 1, 2, 3, 4, 5, 6, 1, 2, 3, 4, 5, 6, 7, 2, 3, 4, 5, 6, 0, 1, 2, 3, 4, 5, 6, 1, 2, 3, 4, 5, 6, 7]",L,"[0, 1, 2, 3, 4, 5, 6, 7, 0, 1, 2, 3, 4, 5, 6, 7, 1, 2, 3, 4, 5, 6, 0, 1, 2, 3, 4, 5, 6, 0, 1, 2, 3, 4, 5, 6, 1, 2, 3, 4, 5, 6, 7, 2, 3, 4, 5, 6, 0, 1, 2, 3, 4, 5, 6, 1, 2, 3, 4, 5, 6, 7]"
848,case_49L1,"[0, 1, 2, 3, 4, 5, 6, 7, 0, 1, 2, 3, 4, 5, 6, 7, 0, 1, 2, 3, 4, 5, 6, 0, 1, 2, 3, 4, 5, 6, 7]",L,"[0, 1, 2, 3, 4, 5, 6, 7, 0, 1, 2, 3, 4, 5, 6, 7, 0, 1, 2, 3, 4, 5, 6, 0, 1, 2, 3, 4, 5, 6, 7]"
1061,case_83L1,"[0, 1, 2, 3, 4, 5, 6, 7, 0, 1, 2, 3, 4, 5, 6, 0, 1, 2, 3, 4, 5, 6, 7, 0, 1, 2, 3, 4, 5, 6, 0, 1, 2, 3, 4, 5, 6, 0, 1, 2, 3, 4, 5, 6, 1, 2, 3, 4, 5, 6, 0, 1, 2, 3, 4, 5, 6, 7, 2, 3, 4, 5, 6, 7, 0, 1, 2, 3, 4, 5, 6, 1, 2, 3, 4, 5, 6, 1, 2, 3, 4, 5, 6, 1, 2, 3, 4, 5, 6, 7, 2, 3, 4, 5, 6, 7, 1, 2, 3, 4, 5, 6, 7]",L,"[0, 1, 2, 3, 4, 5, 6, 7, 0, 1, 2, 3, 4, 5, 6, 0, 1, 2, 3, 4, 5, 6, 7, 0, 1, 2, 3, 4, 5, 6, 0, 1, 2, 3, 4, 5, 6, 0, 1, 2, 3, 4, 5, 6, 1, 2, 3, 4, 5, 6, 0, 1, 2, 3, 4, 5, 6, 7, 2, 3, 4, 5, 6, 7, 0, 1, 2, 3, 4, 5, 6, 1, 2, 3, 4, 5, 6, 1, 2, 3, 4, 5, 6, 1, 2, 3, 4, 5, 6, 7, 2, 3, 4, 5, 6, 7, 1, 2, 3, 4, 5, 6, 7]"
376,case_13L1,"[0, 1, 2, 3, 4, 5, 6, 7, 0, 1, 2, 3, 4, 5, 6, 7, 0, 1, 2, 3, 4, 5, 6, 0, 1, 2, 3, 4, 5, 6, 1, 2, 3, 4, 5, 6, 7, 1, 2, 3, 4, 5, 6, 0, 1, 2, 3, 4, 5, 6, 1, 2, 3, 4, 5, 6, 1, 2, 3, 4, 5, 6, 1, 2, 3, 4, 5, 6, 0, 1, 2, 3, 4, 5, 6, 0, 1, 2, 3, 4, 5, 6, 7]",L,"[0, 1, 2, 3, 4, 5, 6, 7, 0, 1, 2, 3, 4, 5, 6, 7, 0, 1, 2, 3, 4, 5, 6, 0, 1, 2, 3, 4, 5, 6, 1, 2, 3, 4, 5, 6, 7, 1, 2, 3, 4, 5, 6, 0, 1, 2, 3, 4, 5, 6, 1, 2, 3, 4, 5, 6, 1, 2, 3, 4, 5, 6, 1, 2, 3, 4, 5, 6, 0, 1, 2, 3, 4, 5, 6, 0, 1, 2, 3, 4, 5, 6, 7]"
891,case_55L1,"[0, 1, 2, 3, 4, 5, 6, 7, 0, 1, 2, 3, 4, 5, 6, 0, 1, 2, 3, 4, 5, 6, 7, 2, 3, 4, 5, 6, 7, 0, 1, 2, 3, 4, 5, 6, 0, 1, 2, 3, 4, 5, 6, 0, 1, 2, 3, 4, 5, 6, 7]",L,"[0, 1, 2, 3, 4, 5, 6, 7, 0, 1, 2, 3, 4, 5, 6, 0, 1, 2, 3, 4, 5, 6, 7, 2, 3, 4, 5, 6, 7, 0, 1, 2, 3, 4, 5, 6, 0, 1, 2, 3, 4, 5, 6, 0, 1, 2, 3, 4, 5, 6, 7]"
320,case_132L1,"[0, 1, 2, 3, 4, 5, 6, 7, 0, 1, 2, 3, 4, 5, 6, 7, 1, 2, 3, 4, 5, 6, 0, 1, 2, 3, 4, 5, 6, 7, 2, 3, 4, 5, 6, 1, 2, 3, 4, 5, 6, 0, 1, 2, 3, 4, 5, 6, 7]",L,"[0, 1, 2, 3, 4, 5, 6, 7, 0, 1, 2, 3, 4, 5, 6, 7, 1, 2, 3, 4, 5, 6, 0, 1, 2, 3, 4, 5, 6, 7, 2, 3, 4, 5, 6, 1, 2, 3, 4, 5, 6, 0, 1, 2, 3, 4, 5, 6, 7]"
88,case_106L1,"[0, 1, 2, 3, 4, 5, 6, 7, 0, 1, 2, 3, 4, 5, 6, 7, 0, 1, 2, 3, 4, 5, 6, 7, 0, 1, 2, 3, 4, 5, 6, 1, 2, 3, 4, 5, 6, 0, 1, 2, 3, 4, 5, 6, 0, 1, 2, 3, 4, 5, 6, 1, 2, 3, 4, 5, 6, 7, 1, 2, 3, 4, 5, 6, 1, 2, 3, 4, 5, 6, 7, 2, 3, 4, 5, 6, 1, 2, 3, 4, 5, 6, 0, 1, 2, 3, 4, 5, 6, 0, 1, 2, 3, 4, 5, 6, 0, 1, 2, 3, 4, 5, 6, 7, 1, 2, 3, 4, 5, 6, 7, 1, 2, 3, 4, 5, 6, 0, 1, 2, 3, 4, 5, 6, 0, 1, 2, 3, 4, 5, 6, 0, 1, 2, 3, 4, 5, 6, 0, 1, 2, 3, 4, 5, 6, 0, 1, 2, 3, 4, 5, 6, 0, 1, 2, 3, 4, 5, 6, 0, 1, 2, 3, 4, 5, 6, 0, 1, 2, 3, 4, 5, 6, 0, 1, 2, 3, 4, 5, 6, 0, 1, 2, 3, 4, 5, 6, 7, 2, 3, 4, 5, 6, 7, 0, 1, 2, 3, 4, 5, 6, 7]",L,"[0, 1, 2, 3, 4, 5, 6, 7, 0, 1, 2, 3, 4, 5, 6, 7, 0, 1, 2, 3, 4, 5, 6, 7, 0, 1, 2, 3, 4, 5, 6, 1, 2, 3, 4, 5, 6, 0, 1, 2, 3, 4, 5, 6, 0, 1, 2, 3, 4, 5, 6, 1, 2, 3, 4, 5, 6, 7, 1, 2, 3, 4, 5, 6, 1, 2, 3, 4, 5, 6, 7, 2, 3, 4, 5, 6, 1, 2, 3, 4, 5, 6, 0, 1, 2, 3, 4, 5, 6, 0, 1, 2, 3, 4, 5, 6, 0, 1, 2, 3, 4, 5, 6, 7, 1, 2, 3, 4, 5, 6, 7, 1, 2, 3, 4, 5, 6, 0, 1, 2, 3, 4, 5, 6, 0, 1, 2, 3, 4, 5, 6, 0, 1, 2, 3, 4, 5, 6, 0, 1, 2, 3, 4, 5, 6, 0, 1, 2, 3, 4, 5, 6, 0, 1, 2, 3, 4, 5, 6, 0, 1, 2, 3, 4, 5, 6, 0, 1, 2, 3, 4, 5, 6, 0, 1, 2, 3, 4, 5, 6, 0, 1, 2, 3, 4, 5, 6, 7, 2, 3, 4, 5, 6, 7, 0, 1, 2, 3, 4, 5, 6, 7]"
742,case_37L1,"[0, 1, 2, 3, 4, 5, 6, 7, 0, 1, 2, 3, 4, 5, 6, 7, 1, 2, 3, 4, 5, 6, 1, 2, 3, 4, 5, 6, 0, 1, 2, 3, 4, 5, 6, 0, 1, 2, 3, 4, 5, 6, 0, 1, 2, 3, 4, 5, 6, 1, 2, 3, 4, 5, 6, 7]",L,"[0, 1, 2, 3, 4, 5, 6, 7, 0, 1, 2, 3, 4, 5, 6, 7, 1, 2, 3, 4, 5, 6, 1, 2, 3, 4, 5, 6, 0, 1, 2, 3, 4, 5, 6, 0, 1, 2, 3, 4, 5, 6, 0, 1, 2, 3, 4, 5, 6, 1, 2, 3, 4, 5, 6, 7]"
724,case_35L1,"[0, 1, 2, 3, 4, 5, 6, 7, 0, 1, 2, 3, 4, 5, 6, 0, 1, 2, 3, 4, 5, 6, 1, 2, 3, 4, 5, 6, 0, 1, 2, 3, 4, 5, 6, 1, 2, 3, 4, 5, 6, 7, 2, 3, 4, 5, 6, 1, 2, 3, 4, 5, 6, 0, 1, 2, 3, 4, 5, 6, 1, 2, 3, 4, 5, 6, 0, 1, 2, 3, 4, 5, 6, 7, 0, 1, 2, 3, 4, 5, 6, 7, 0, 1, 2, 3, 4, 5, 6, 7, 1, 2, 3, 4, 5, 6, 7]",L,"[0, 1, 2, 3, 4, 5, 6, 7, 0, 1, 2, 3, 4, 5, 6, 0, 1, 2, 3, 4, 5, 6, 1, 2, 3, 4, 5, 6, 0, 1, 2, 3, 4, 5, 6, 1, 2, 3, 4, 5, 6, 7, 2, 3, 4, 5, 6, 1, 2, 3, 4, 5, 6, 0, 1, 2, 3, 4, 5, 6, 1, 2, 3, 4, 5, 6, 0, 1, 2, 3, 4, 5, 6, 7, 0, 1, 2, 3, 4, 5, 6, 7, 0, 1, 2, 3, 4, 5, 6, 7, 1, 2, 3, 4, 5, 6, 7]"
291,case_129L1,"[0, 1, 2, 3, 4, 5, 6, 7, 0, 1, 2, 3, 4, 5, 6, 1, 2, 3, 4, 5, 6, 0, 1, 2, 3, 4, 5, 6, 7, 1, 2, 3, 4, 5, 6, 7, 2, 3, 4, 5, 6, 7]",L,"[0, 1, 2, 3, 4, 5, 6, 7, 0, 1, 2, 3, 4, 5, 6, 1, 2, 3, 4, 5, 6, 0, 1, 2, 3, 4, 5, 6, 7, 1, 2, 3, 4, 5, 6, 7, 2, 3, 4, 5, 6, 7]"
943,case_62L1,"[0, 1, 2, 3, 4, 5, 6, 7, 0, 1, 2, 3, 4, 5, 6, 7, 1, 2, 3, 4, 5, 6, 7, 0, 1, 2, 3, 4, 5, 6, 0, 1, 2, 3, 4, 5, 6, 1, 2, 3, 4, 5, 6, 0, 1, 2, 3, 4, 5, 6, 7]",L,"[0, 1, 2, 3, 4, 5, 6, 7, 0, 1, 2, 3, 4, 5, 6, 7, 1, 2, 3, 4, 5, 6, 7, 0, 1, 2, 3, 4, 5, 6, 0, 1, 2, 3, 4, 5, 6, 1, 2, 3, 4, 5, 6, 0, 1, 2, 3, 4, 5, 6, 7]"
31,case_101L1,"[0, 1, 2, 3, 4, 5, 6, 7, 0, 1, 2, 3, 4, 5, 6, 1, 2, 3, 4, 5, 6, 1, 2, 3, 4, 5, 6, 1, 2, 3, 4, 5, 6, 1, 2, 3, 4, 5, 6, 7]",L,"[0, 1, 2, 3, 4, 5, 6, 7, 0, 1, 2, 3, 4, 5, 6, 1, 2, 3, 4, 5, 6, 1, 2, 3, 4, 5, 6, 1, 2, 3, 4, 5, 6, 1, 2, 3, 4, 5, 6, 7]"
354,case_137L2,"[0, 1, 2, 3, 4, 5, 6, 7, 0, 1, 2, 3, 4, 5, 6, 5, 6, 5, 6, 7, 7]",L,"[0, 1, 2, 3, 4, 5, 6, 7, 0, 1, 2, 3, 4, 5, 6, 5, 6, 5, 6, 7, 7]"
736,case_36L2,"[0, 1, 2, 3, 4, 5, 6, 7, 0, 1, 2, 3, 4, 5, 6, 6, 6, 5, 6, 5, 6, 5, 6, 7]",L,"[0, 1, 2, 3, 4, 5, 6, 7, 0, 1, 2, 3, 4, 5, 6, 6, 6, 5, 6, 5, 6, 5, 6, 7]"
1053,case_81L2,"[0, 1, 2, 3, 4, 5, 6, 7, 0, 1, 2, 3, 4, 5, 6, 7, 7, 0, 1, 2, 3, 4, 5, 6, 7, 7, 0, 1, 2, 3, 4, 5, 6, 7, 7, 7, 6, 7, 6, 6, 5, 6, 6, 5, 6, 5, 6, 6, 5, 6, 6, 6, 6, 7, 6, 6, 6, 7]",L,"[0, 1, 2, 3, 4, 5, 6, 7, 0, 1, 2, 3, 4, 5, 6, 7, 7, 0, 1, 2, 3, 4, 5, 6, 7, 7, 0, 1, 2, 3, 4, 5, 6, 7, 7, 7, 6, 7, 6, 6, 5, 6, 6, 5, 6, 5, 6, 6, 5, 6, 6, 6, 6, 7, 6, 6, 6, 7]"
599,case_24L2,"[0, 1, 2, 3, 4, 5, 6, 7, 0, 1, 2, 3, 4, 5, 6, 7, 0, 1, 2, 3, 4, 5, 6, 7, 6, 6, 7, 7, 0, 1, 2, 3, 4, 5, 6, 7, 6, 5, 6, 6, 5, 6, 5, 6, 6, 6, 5, 6, 6, 6, 6, 7, 6, 6, 7]",L,"[0, 1, 2, 3, 4, 5, 6, 7, 0, 1, 2, 3, 4, 5, 6, 7, 0, 1, 2, 3, 4, 5, 6, 7, 6, 6, 7, 7, 0, 1, 2, 3, 4, 5, 6, 7, 6, 5, 6, 6, 5, 6, 5, 6, 6, 6, 5, 6, 6, 6, 6, 7, 6, 6, 7]"
398,case_142L2,"[0, 1, 2, 3, 4, 5, 6, 7, 0, 1, 2, 3, 4, 5, 6, 5, 6, 5, 6, 7, 7, 7]",L,"[0, 1, 2, 3, 4, 5, 6, 7, 0, 1, 2, 3, 4, 5, 6, 5, 6, 5, 6, 7, 7, 7]"
1041,case_7L2,"[0, 1, 2, 3, 4, 5, 6, 7, 0, 1, 2, 3, 4, 5, 6, 6, 6, 5, 6, 5, 6, 7]",L,"[0, 1, 2, 3, 4, 5, 6, 7, 0, 1, 2, 3, 4, 5, 6, 6, 6, 5, 6, 5, 6, 7]"
32,case_101L2,"[0, 1, 2, 3, 4, 5, 6, 7, 0, 1, 2, 3, 4, 5, 6, 5, 6, 6, 5, 6, 6, 7, 0, 1, 2, 3, 4, 5, 6, 7, 7, 6, 5, 6, 7]",L,"[0, 1, 2, 3, 4, 5, 6, 7, 0, 1, 2, 3, 4, 5, 6, 5, 6, 6, 5, 6, 6, 7, 0, 1, 2, 3, 4, 5, 6, 7, 7, 6, 5, 6, 7]"
412,case_144L2,"[0, 1, 2, 3, 4, 5, 6, 7, 0, 1, 2, 3, 4, 5, 6, 7, 7, 0, 1, 2, 3, 4, 5, 6, 5, 6, 6, 5, 6, 5, 6, 6, 5, 6, 6, 6, 7, 0, 1, 2, 3, 4, 5, 6, 7, 0, 1, 2, 3, 4, 5, 6, 7, 0, 1, 2, 3, 4, 5, 6, 7, 6, 6, 7, 6, 6, 7, 6, 6, 6, 6, 6, 7, 7]",L,"[0, 1, 2, 3, 4, 5, 6, 7, 0, 1, 2, 3, 4, 5, 6, 7, 7, 0, 1, 2, 3, 4, 5, 6, 5, 6, 6, 5, 6, 5, 6, 6, 5, 6, 6, 6, 7, 0, 1, 2, 3, 4, 5, 6, 7, 0, 1, 2, 3, 4, 5, 6, 7, 0, 1, 2, 3, 4, 5, 6, 7, 6, 6, 7, 6, 6, 7, 6, 6, 6, 6, 6, 7, 7]"
170,case_114L2,"[0, 1, 2, 3, 4, 5, 6, 7, 0, 1, 2, 3, 4, 5, 6, 6, 7, 0, 1, 2, 3, 4, 5, 6, 7]",L,"[0, 1, 2, 3, 4, 5, 6, 7, 0, 1, 2, 3, 4, 5, 6, 6, 7, 0, 1, 2, 3, 4, 5, 6, 7]"
1118,case_92L2,"[0, 1, 2, 3, 4, 5, 6, 7, 0, 1, 2, 3, 4, 5, 6, 5, 6, 7, 6, 5, 6, 7]",L,"[0, 1, 2, 3, 4, 5, 6, 7, 0, 1, 2, 3, 4, 5, 6, 5, 6, 7, 6, 5, 6, 7]"
892,case_55L2,"[0, 1, 2, 3, 4, 5, 6, 7, 0, 1, 2, 3, 4, 5, 6, 5, 6, 5, 6, 6, 6, 6, 5, 6, 7]",L,"[0, 1, 2, 3, 4, 5, 6, 7, 0, 1, 2, 3, 4, 5, 6, 5, 6, 5, 6, 6, 6, 6, 5, 6, 7]"
89,case_106L2,"[0, 1, 2, 3, 4, 5, 6, 7, 0, 1, 2, 3, 4, 5, 6, 5, 6, 6, 5, 6, 7, 0, 1, 2, 3, 4, 5, 6, 7]",L,"[0, 1, 2, 3, 4, 5, 6, 7, 0, 1, 2, 3, 4, 5, 6, 5, 6, 6, 5, 6, 7, 0, 1, 2, 3, 4, 5, 6, 7]"
222,case_120L2,"[0, 1, 2, 3, 4, 5, 6, 7, 0, 1, 2, 3, 4, 5, 6, 6, 7, 0, 1, 2, 3, 4, 5, 6, 5, 6, 7, 0, 1, 2, 3, 4, 5, 6, 6, 7]",L,"[0, 1, 2, 3, 4, 5, 6, 7, 0, 1, 2, 3, 4, 5, 6, 6, 7, 0, 1, 2, 3, 4, 5, 6, 5, 6, 7, 0, 1, 2, 3, 4, 5, 6, 6, 7]"
341,case_135L2,"[0, 1, 2, 3, 4, 5, 6, 7, 0, 1, 2, 3, 4, 5, 6, 5, 6, 5, 6, 7]",L,"[0, 1, 2, 3, 4, 5, 6, 7, 0, 1, 2, 3, 4, 5, 6, 5, 6, 5, 6, 7]"
68,case_104L2,"[0, 1, 2, 3, 4, 5, 6, 7, 0, 1, 2, 3, 4, 5, 6, 5, 6, 7, 0, 1, 2, 3, 4, 5, 6, 7, 6, 7, 7, 6, 5, 6, 6, 5, 6, 7]",L,"[0, 1, 2, 3, 4, 5, 6, 7, 0, 1, 2, 3, 4, 5, 6, 5, 6, 7, 0, 1, 2, 3, 4, 5, 6, 7, 6, 7, 7, 6, 5, 6, 6, 5, 6, 7]"
18,case_100L2,"[0, 1, 2, 3, 4, 5, 6, 7, 0, 1, 2, 3, 4, 5, 6, 5, 6, 7]",L,"[0, 1, 2, 3, 4, 5, 6, 7, 0, 1, 2, 3, 4, 5, 6, 5, 6, 7]"
1073,case_85L2,"[0, 1, 2, 3, 4, 5, 6, 7, 0, 1, 2, 3, 4, 5, 6, 5, 6, 5, 6, 5, 6, 7, 0, 1, 2, 3, 4, 5, 6, 6, 7, 7, 7]",L,"[0, 1, 2, 3, 4, 5, 6, 7, 0, 1, 2, 3, 4, 5, 6, 5, 6, 5, 6, 5, 6, 7, 0, 1, 2, 3, 4, 5, 6, 6, 7, 7, 7]"
245,case_123L2,"[0, 1, 2, 3, 4, 5, 6, 7, 0, 1, 2, 3, 4, 5, 6, 6, 7, 0, 1, 2, 3, 4, 5, 6, 7, 7, 0, 1, 2, 3, 4, 5, 6, 5, 6, 6, 7, 0, 1, 2, 3, 4, 5, 6, 5, 6, 5, 6, 7, 6, 5, 6, 6, 6, 6, 7, 6, 7, 0, 1, 2, 3, 4, 5, 6, 7, 7]",L,"[0, 1, 2, 3, 4, 5, 6, 7, 0, 1, 2, 3, 4, 5, 6, 6, 7, 0, 1, 2, 3, 4, 5, 6, 7, 7, 0, 1, 2, 3, 4, 5, 6, 5, 6, 6, 7, 0, 1, 2, 3, 4, 5, 6, 5, 6, 5, 6, 7, 6, 5, 6, 6, 6, 6, 7, 6, 7, 0, 1, 2, 3, 4, 5, 6, 7, 7]"
948,case_63L2,"[0, 1, 2, 3, 4, 5, 6, 7, 0, 1, 2, 3, 4, 5, 6, 6, 5, 6, 5, 6, 7, 7]",L,"[0, 1, 2, 3, 4, 5, 6, 7, 0, 1, 2, 3, 4, 5, 6, 6, 5, 6, 5, 6, 7, 7]"
514,case_18L2,"[0, 1, 2, 3, 4, 5, 6, 7, 0, 1, 2, 3, 4, 5, 6, 5, 6, 6, 5, 6, 6, 5, 6, 7, 6, 7, 6, 5, 6, 7, 7, 0, 1, 2, 3, 4, 5, 6, 7, 6, 6, 6, 6, 6, 6, 6, 6, 7, 7, 0, 1, 2, 3, 4, 5, 6, 6, 6, 6, 6, 6, 7]",L,"[0, 1, 2, 3, 4, 5, 6, 7, 0, 1, 2, 3, 4, 5, 6, 5, 6, 6, 5, 6, 6, 5, 6, 7, 6, 7, 6, 5, 6, 7, 7, 0, 1, 2, 3, 4, 5, 6, 7, 6, 6, 6, 6, 6, 6, 6, 6, 7, 7, 0, 1, 2, 3, 4, 5, 6, 6, 6, 6, 6, 6, 7]"
864,case_50S1,"[0, 1, 2, 3, 4, 5, 6, 7, 0, 6, 7, 0, 1, 2, 3, 4, 5, 6, 7, 0, 5, 6, 7]",S,"[0, 1, 2, 3, 4, 5, 6, 7, 0, 6, 7, 0, 1, 2, 3, 4, 5, 6, 7, 0, 5, 6, 7]"
195,case_117S1,"[0, 1, 2, 3, 4, 5, 6, 7, 0, 6, 7, 0, 1, 6, 7]",S,"[0, 1, 2, 3, 4, 5, 6, 7, 0, 6, 7, 0, 1, 6, 7]"
979,case_68S1,"[0, 1, 2, 3, 4, 5, 6, 7, 0, 1, 7, 0, 5, 6, 7, 0, 5, 6, 7]",S,"[0, 1, 2, 3, 4, 5, 6, 7, 0, 1, 7, 0, 5, 6, 7, 0, 5, 6, 7]"
852,case_49S1,"[0, 1, 2, 3, 4, 5, 6, 7, 0, 1, 2, 3, 4, 5, 6, 7, 0, 1, 7, 0, 1, 6, 7]",S,"[0, 1, 2, 3, 4, 5, 6, 7, 0, 1, 2, 3, 4, 5, 6, 7, 0, 1, 7, 0, 1, 6, 7]"
903,case_56S1,"[0, 1, 2, 3, 4, 5, 6, 7, 0, 5, 6, 7, 0, 6, 7, 0, 6, 7]",S,"[0, 1, 2, 3, 4, 5, 6, 7, 0, 5, 6, 7, 0, 6, 7, 0, 6, 7]"
1038,case_79S1,"[0, 1, 2, 3, 4, 5, 6, 7, 0, 5, 6, 7, 0, 5, 6, 7, 0, 1, 7, 0, 1, 7, 0, 6, 7]",S,"[0, 1, 2, 3, 4, 5, 6, 7, 0, 5, 6, 7, 0, 5, 6, 7, 0, 1, 7, 0, 1, 7, 0, 6, 7]"
1000,case_71S1,"[0, 1, 2, 3, 4, 5, 6, 7, 0, 1, 7, 0, 6, 7, 0, 6, 7, 0, 5, 6, 7]",S,"[0, 1, 2, 3, 4, 5, 6, 7, 0, 1, 7, 0, 6, 7, 0, 6, 7, 0, 5, 6, 7]"
423,case_145S1,"[0, 1, 2, 3, 4, 5, 6, 7, 0, 5, 6, 7, 0, 5, 6, 7]",S,"[0, 1, 2, 3, 4, 5, 6, 7, 0, 5, 6, 7, 0, 5, 6, 7]"
388,case_140S1,"[0, 1, 2, 3, 4, 5, 6, 7, 0, 6, 7, 0, 5, 6, 7, 0, 5, 6, 7, 0, 6, 7]",S,"[0, 1, 2, 3, 4, 5, 6, 7, 0, 6, 7, 0, 5, 6, 7, 0, 5, 6, 7, 0, 6, 7]"
1065,case_83S1,"[0, 1, 2, 3, 4, 5, 6, 7, 0, 1, 6, 7, 0, 1, 6, 7, 0, 6, 7, 0, 5, 6, 7, 0, 1, 7]",S,"[0, 1, 2, 3, 4, 5, 6, 7, 0, 1, 6, 7, 0, 1, 6, 7, 0, 6, 7, 0, 5, 6, 7, 0, 1, 7]"
131,case_10S1,"[0, 1, 2, 3, 4, 5, 6, 7, 0, 6, 7, 0, 1, 2, 3, 4, 5, 6, 7, 0, 1, 7, 0, 1, 2, 3, 4, 5, 6, 7, 0, 6, 7]",S,"[0, 1, 2, 3, 4, 5, 6, 7, 0, 6, 7, 0, 1, 2, 3, 4, 5, 6, 7, 0, 1, 7, 0, 1, 2, 3, 4, 5, 6, 7, 0, 6, 7]"
1100,case_89S1,"[0, 1, 2, 3, 4, 5, 6, 7, 0, 6, 7, 0, 1, 7, 0, 6, 7, 0, 5, 6, 7, 0, 5, 6, 7]",S,"[0, 1, 2, 3, 4, 5, 6, 7, 0, 6, 7, 0, 1, 7, 0, 6, 7, 0, 5, 6, 7, 0, 5, 6, 7]"
1087,case_87S1,"[0, 1, 2, 3, 4, 5, 6, 7, 0, 1, 2, 3, 4, 5, 6, 7, 0, 1, 7, 0, 6, 7, 0, 1, 2, 3, 4, 5, 6, 7]",S,"[0, 1, 2, 3, 4, 5, 6, 7, 0, 1, 2, 3, 4, 5, 6, 7, 0, 1, 7, 0, 6, 7, 0, 1, 2, 3, 4, 5, 6, 7]"
678,case_2S1,"[0, 1, 2, 3, 4, 5, 6, 7, 0, 5, 6, 7, 0, 1, 2, 3, 4, 5, 6, 7, 0, 1, 6, 7, 0, 5, 6, 7, 0, 1, 7]",S,"[0, 1, 2, 3, 4, 5, 6, 7, 0, 5, 6, 7, 0, 1, 2, 3, 4, 5, 6, 7, 0, 1, 6, 7, 0, 5, 6, 7, 0, 1, 7]"
1083,case_86S1,"[0, 1, 2, 3, 4, 5, 6, 7, 0, 1, 6, 7, 0, 6, 7, 0, 5, 6, 7, 0, 1, 2, 3, 4, 5, 6, 7, 0, 5, 6, 7]",S,"[0, 1, 2, 3, 4, 5, 6, 7, 0, 1, 6, 7, 0, 6, 7, 0, 5, 6, 7, 0, 1, 2, 3, 4, 5, 6, 7, 0, 5, 6, 7]"
111,case_108S1,"[0, 1, 2, 3, 4, 5, 6, 7, 0, 5, 6, 7, 0, 1, 2, 3, 4, 5, 6, 7]",S,"[0, 1, 2, 3, 4, 5, 6, 7, 0, 5, 6, 7, 0, 1, 2, 3, 4, 5, 6, 7]"
120,case_109S1,"[0, 1, 2, 3, 4, 5, 6, 7, 0, 1, 7]",S,"[0, 1, 2, 3, 4, 5, 6, 7, 0, 1, 7]"
94,case_106S1,"[0, 1, 2, 3, 4, 5, 6, 7, 0, 1, 6, 7]",S,"[0, 1, 2, 3, 4, 5, 6, 7, 0, 1, 6, 7]"
104,case_107S1,"[0, 1, 2, 3, 4, 5, 6, 7, 0, 1, 2, 3, 4, 5, 6, 7, 0, 6, 7]",S,"[0, 1, 2, 3, 4, 5, 6, 7, 0, 1, 2, 3, 4, 5, 6, 7, 0, 6, 7]"
754,case_38S1,"[0, 1, 2, 3, 4, 5, 6, 7, 0, 5, 6, 7, 0, 5, 6, 7, 0, 5, 6, 7, 0, 6, 7]",S,"[0, 1, 2, 3, 4, 5, 6, 7, 0, 5, 6, 7, 0, 5, 6, 7, 0, 5, 6, 7, 0, 6, 7]"
287,case_128S2,"[0, 1, 2, 3, 4, 5, 6, 7, 0, 1, 2, 3, 4, 5, 6, 7, 0, 1, 2, 3, 4, 7, 0, 2, 3, 4, 6, 7, 0, 2, 3, 4, 5, 6, 7, 0, 1, 2, 3, 4, 6, 7]",S,"[0, 1, 2, 3, 4, 5, 6, 7, 0, 1, 2, 3, 4, 5, 6, 7, 0, 1, 2, 3, 4, 7, 0, 2, 3, 4, 6, 7, 0, 2, 3, 4, 5, 6, 7, 0, 1, 2, 3, 4, 6, 7]"
706,case_32S2,"[0, 1, 2, 3, 4, 5, 6, 7, 0, 3, 4, 7, 0, 2, 3, 4, 6, 7]",S,"[0, 1, 2, 3, 4, 5, 6, 7, 0, 3, 4, 7, 0, 2, 3, 4, 6, 7]"
980,case_68S2,"[0, 1, 2, 3, 4, 5, 6, 7, 0, 3, 4, 5, 6, 7, 0, 3, 4, 7]",S,"[0, 1, 2, 3, 4, 5, 6, 7, 0, 3, 4, 5, 6, 7, 0, 3, 4, 7]"
834,case_47S2,"[0, 1, 2, 3, 4, 5, 6, 7, 0, 3, 4, 6, 7, 0, 3, 4, 5, 6, 7, 0, 1, 2, 3, 4, 7, 0, 1, 2, 3, 4, 7]",S,"[0, 1, 2, 3, 4, 5, 6, 7, 0, 3, 4, 6, 7, 0, 3, 4, 5, 6, 7, 0, 1, 2, 3, 4, 7, 0, 1, 2, 3, 4, 7]"
917,case_58S2,"[0, 1, 2, 3, 4, 5, 6, 7, 0, 2, 3, 4, 6, 7, 0, 2, 3, 4, 5, 6, 7, 0, 1, 2, 3, 4, 5, 6, 7]",S,"[0, 1, 2, 3, 4, 5, 6, 7, 0, 2, 3, 4, 6, 7, 0, 2, 3, 4, 5, 6, 7, 0, 1, 2, 3, 4, 5, 6, 7]"
657,case_28S2,"[0, 1, 2, 3, 4, 5, 6, 7, 0, 3, 4, 5, 6, 7, 0, 1, 2, 3, 4, 6, 7]",S,"[0, 1, 2, 3, 4, 5, 6, 7, 0, 3, 4, 5, 6, 7, 0, 1, 2, 3, 4, 6, 7]"
440,case_148S2,"[0, 1, 2, 3, 4, 5, 6, 7, 0, 2, 3, 4, 7, 0, 3, 4, 6, 7]",S,"[0, 1, 2, 3, 4, 5, 6, 7, 0, 2, 3, 4, 7, 0, 3, 4, 6, 7]"
72,case_104S2,"[0, 1, 2, 3, 4, 5, 6, 7, 0, 2, 3, 4, 6, 7]",S,"[0, 1, 2, 3, 4, 5, 6, 7, 0, 2, 3, 4, 6, 7]"
550,case_20S2,"[0, 1, 2, 3, 4, 5, 6, 7, 0, 3, 4, 6, 7, 0, 3, 4, 5, 6, 7]",S,"[0, 1, 2, 3, 4, 5, 6, 7, 0, 3, 4, 6, 7, 0, 3, 4, 5, 6, 7]"
973,case_67S2,"[0, 1, 2, 3, 4, 5, 6, 7, 0, 1, 2, 3, 4, 7, 0, 3, 4, 7]",S,"[0, 1, 2, 3, 4, 5, 6, 7, 0, 1, 2, 3, 4, 7, 0, 3, 4, 7]"
38,case_101S2,"[0, 1, 2, 3, 4, 5, 6, 7, 0, 3, 4, 5, 6, 7]",S,"[0, 1, 2, 3, 4, 5, 6, 7, 0, 3, 4, 5, 6, 7]"
770,case_40S2,"[0, 1, 2, 3, 4, 5, 6, 7, 0, 3, 4, 7, 0, 3, 4, 7, 0, 1, 2, 3, 4, 6, 7]",S,"[0, 1, 2, 3, 4, 5, 6, 7, 0, 3, 4, 7, 0, 3, 4, 7, 0, 1, 2, 3, 4, 6, 7]"
856,case_4S2,"[0, 1, 2, 3, 4, 5, 6, 7, 0, 2, 3, 4, 5, 6, 7, 0, 2, 3, 4, 7]",S,"[0, 1, 2, 3, 4, 5, 6, 7, 0, 2, 3, 4, 5, 6, 7, 0, 2, 3, 4, 7]"
112,case_108S2,"[0, 1, 2, 3, 4, 5, 6, 7, 0, 3, 4, 6, 7, 0, 3, 4, 7, 0, 2, 3, 4, 6, 7, 0, 2, 3, 4, 5, 6, 7, 0, 2, 3, 4, 6, 7]",S,"[0, 1, 2, 3, 4, 5, 6, 7, 0, 3, 4, 6, 7, 0, 3, 4, 7, 0, 2, 3, 4, 6, 7, 0, 2, 3, 4, 5, 6, 7, 0, 2, 3, 4, 6, 7]"
105,case_107S2,"[0, 1, 2, 3, 4, 5, 6, 7, 0, 1, 2, 3, 4, 6, 7]",S,"[0, 1, 2, 3, 4, 5, 6, 7, 0, 1, 2, 3, 4, 6, 7]"
433,case_147S2,"[0, 1, 2, 3, 4, 5, 6, 7, 0, 3, 4, 5, 6, 7, 0, 1, 2, 3, 4, 7]",S,"[0, 1, 2, 3, 4, 5, 6, 7, 0, 3, 4, 5, 6, 7, 0, 1, 2, 3, 4, 7]"
132,case_10S2,"[0, 1, 2, 3, 4, 5, 6, 7, 0, 3, 4, 6, 7]",S,"[0, 1, 2, 3, 4, 5, 6, 7, 0, 3, 4, 6, 7]"
967,case_66S2,"[0, 1, 2, 3, 4, 5, 6, 7, 0, 2, 3, 4, 6, 7, 0, 2, 3, 4, 7]",S,"[0, 1, 2, 3, 4, 5, 6, 7, 0, 2, 3, 4, 6, 7, 0, 2, 3, 4, 7]"
746,case_37S2,"[0, 1, 2, 3, 4, 5, 6, 7, 0, 3, 4, 5, 6, 7, 0, 3, 4, 6, 7, 0, 1, 2, 3, 4, 5, 6, 7, 0, 3, 4, 6, 7, 0, 1, 2, 3, 4, 6, 7]",S,"[0, 1, 2, 3, 4, 5, 6, 7, 0, 3, 4, 5, 6, 7, 0, 3, 4, 6, 7, 0, 1, 2, 3, 4, 5, 6, 7, 0, 3, 4, 6, 7, 0, 1, 2, 3, 4, 6, 7]"
24,case_100S2,"[0, 1, 2, 3, 4, 5, 6, 7, 0, 1, 2, 3, 4, 5, 6, 7, 0, 1, 2, 3, 4, 5, 6, 7, 0, 1, 2, 3, 4, 6, 7, 0, 1, 2, 3, 4, 5, 6, 7, 0, 3, 4, 7]",S,"[0, 1, 2, 3, 4, 5, 6, 7, 0, 1, 2, 3, 4, 5, 6, 7, 0, 1, 2, 3, 4, 5, 6, 7, 0, 1, 2, 3, 4, 6, 7, 0, 1, 2, 3, 4, 5, 6, 7, 0, 3, 4, 7]"
518,case_18S3,"[8, 9, 10, 11, 12, 13, 14, 15, 8, 9, 15, 8, 13, 14, 15, 8, 13, 14, 15, 8, 13, 14, 15, 8, 14, 15]",S,"[8, 9, 10, 11, 12, 13, 14, 15, 8, 9, 15, 8, 13, 14, 15, 8, 13, 14, 15, 8, 13, 14, 15, 8, 14, 15]"
196,case_117S3,"[8, 9, 10, 11, 12, 13, 14, 15, 8, 14, 15, 8, 9, 14, 15, 8, 13, 14, 15, 8, 13, 14, 15]",S,"[8, 9, 10, 11, 12, 13, 14, 15, 8, 14, 15, 8, 9, 14, 15, 8, 13, 14, 15, 8, 13, 14, 15]"
73,case_104S3,"[8, 9, 10, 11, 12, 13, 14, 15, 8, 14, 15]",S,"[8, 9, 10, 11, 12, 13, 14, 15, 8, 14, 15]"
563,case_21S3,"[8, 9, 10, 11, 12, 13, 14, 15, 8, 14, 15, 8, 9, 15, 8, 13, 14, 15]",S,"[8, 9, 10, 11, 12, 13, 14, 15, 8, 14, 15, 8, 9, 15, 8, 13, 14, 15]"
402,case_142S3,"[8, 9, 10, 11, 12, 13, 14, 15, 8, 9, 10, 11, 12, 13, 14, 15, 8, 13, 14, 15, 8, 13, 14, 15]",S,"[8, 9, 10, 11, 12, 13, 14, 15, 8, 9, 10, 11, 12, 13, 14, 15, 8, 13, 14, 15, 8, 13, 14, 15]"
25,case_100S3,"[8, 9, 10, 11, 12, 13, 14, 15, 8, 9, 10, 11, 12, 13, 14, 15, 8, 9, 10, 11, 12, 13, 14, 15, 8, 14, 15]",S,"[8, 9, 10, 11, 12, 13, 14, 15, 8, 9, 10, 11, 12, 13, 14, 15, 8, 9, 10, 11, 12, 13, 14, 15, 8, 14, 15]"
619,case_25S3,"[8, 9, 10, 11, 12, 13, 14, 15, 8, 9, 15, 8, 14, 15, 8, 14, 15, 8, 13, 14, 15]",S,"[8, 9, 10, 11, 12, 13, 14, 15, 8, 9, 15, 8, 14, 15, 8, 14, 15, 8, 13, 14, 15]"
1094,case_88S3,"[8, 9, 10, 11, 12, 13, 14, 15, 8, 9, 15, 8, 9, 15, 8, 9, 10, 11, 12, 13, 14, 15, 8, 9, 14, 15]",S,"[8, 9, 10, 11, 12, 13, 14, 15, 8, 9, 15, 8, 9, 15, 8, 9, 10, 11, 12, 13, 14, 15, 8, 9, 14, 15]"
346,case_135S3,"[8, 9, 10, 11, 12, 13, 14, 15, 8, 13, 14, 15, 8, 14, 15, 8, 14, 15]",S,"[8, 9, 10, 11, 12, 13, 14, 15, 8, 13, 14, 15, 8, 14, 15, 8, 14, 15]"
323,case_132S3,"[8, 9, 10, 11, 12, 13, 14, 15, 8, 9, 15, 8, 9, 14, 15, 8, 14, 15]",S,"[8, 9, 10, 11, 12, 13, 14, 15, 8, 9, 15, 8, 9, 14, 15, 8, 14, 15]"
161,case_112S3,"[8, 9, 10, 11, 12, 13, 14, 15, 8, 9, 15, 8, 14, 15, 8, 13, 14, 15]",S,"[8, 9, 10, 11, 12, 13, 14, 15, 8, 9, 15, 8, 14, 15, 8, 13, 14, 15]"
331,case_133S3,"[8, 9, 10, 11, 12, 13, 14, 15, 8, 14, 15, 8, 14, 15, 8, 14, 15]",S,"[8, 9, 10, 11, 12, 13, 14, 15, 8, 14, 15, 8, 14, 15, 8, 14, 15]"
217,case_11S3,"[8, 9, 10, 11, 12, 13, 14, 15, 8, 9, 15, 8, 13, 14, 15]",S,"[8, 9, 10, 11, 12, 13, 14, 15, 8, 9, 15, 8, 13, 14, 15]"
1055,case_81S3,"[8, 9, 10, 11, 12, 13, 14, 15, 8, 9, 14, 15, 8, 14, 15, 8, 9, 14, 15]",S,"[8, 9, 10, 11, 12, 13, 14, 15, 8, 9, 14, 15, 8, 14, 15, 8, 9, 14, 15]"
62,case_103S3,"[8, 9, 10, 11, 12, 13, 14, 15, 8, 14, 15, 8, 14, 15]",S,"[8, 9, 10, 11, 12, 13, 14, 15, 8, 14, 15, 8, 14, 15]"
955,case_64S3,"[8, 9, 10, 11, 12, 13, 14, 15, 8, 14, 15, 8, 13, 14, 15, 8, 9, 10, 11, 12, 13, 14, 15, 8, 14, 15]",S,"[8, 9, 10, 11, 12, 13, 14, 15, 8, 14, 15, 8, 13, 14, 15, 8, 9, 10, 11, 12, 13, 14, 15, 8, 14, 15]"
985,case_69S3,"[8, 9, 10, 11, 12, 13, 14, 15, 8, 14, 15, 8, 9, 10, 11, 12, 13, 14, 15]",S,"[8, 9, 10, 11, 12, 13, 14, 15, 8, 14, 15, 8, 9, 10, 11, 12, 13, 14, 15]"
317,case_131S3,"[8, 9, 10, 11, 12, 13, 14, 15, 8, 9, 10, 11, 12, 13, 14, 15, 8, 9, 15]",S,"[8, 9, 10, 11, 12, 13, 14, 15, 8, 9, 10, 11, 12, 13, 14, 15, 8, 9, 15]"
890,case_54S3,"[8, 9, 10, 11, 12, 13, 14, 15, 8, 13, 14, 15, 8, 9, 10, 11, 12, 13, 14, 15, 8, 13, 14, 15]",S,"[8, 9, 10, 11, 12, 13, 14, 15, 8, 13, 14, 15, 8, 9, 10, 11, 12, 13, 14, 15, 8, 13, 14, 15]"
253,case_124S3,"[8, 9, 10, 11, 12, 13, 14, 15, 8, 14, 15, 8, 13, 14, 15, 8, 13, 14, 15]",S,"[8, 9, 10, 11, 12, 13, 14, 15, 8, 14, 15, 8, 13, 14, 15, 8, 13, 14, 15]"
602,case_24S4,"[8, 9, 10, 11, 12, 13, 14, 15, 8, 9, 10, 11, 12, 14, 15, 8, 10, 11, 12, 14, 15]",S,"[8, 9, 10, 11, 12, 13, 14, 15, 8, 9, 10, 11, 12, 14, 15, 8, 10, 11, 12, 14, 15]"
739,case_36S4,"[8, 9, 10, 11, 12, 13, 14, 15, 8, 10, 11, 12, 14, 15, 8, 10, 11, 12, 15]",S,"[8, 9, 10, 11, 12, 13, 14, 15, 8, 10, 11, 12, 14, 15, 8, 10, 11, 12, 15]"
881,case_52S4,"[8, 9, 10, 11, 12, 13, 14, 15, 8, 10, 11, 12, 15, 8, 9, 10, 11, 12, 15, 8, 10, 11, 12, 13, 14, 15, 8, 11, 12, 15, 8, 10, 11, 12, 14, 15]",S,"[8, 9, 10, 11, 12, 13, 14, 15, 8, 10, 11, 12, 15, 8, 9, 10, 11, 12, 15, 8, 10, 11, 12, 13, 14, 15, 8, 11, 12, 15, 8, 10, 11, 12, 14, 15]"
373,case_139S4,"[8, 9, 10, 11, 12, 13, 14, 15, 8, 11, 12, 13, 14, 15, 8, 10, 11, 12, 13, 14, 15, 8, 11, 12, 14, 15, 8, 10, 11, 12, 13, 14, 15, 8, 11, 12, 14, 15]",S,"[8, 9, 10, 11, 12, 13, 14, 15, 8, 11, 12, 13, 14, 15, 8, 10, 11, 12, 13, 14, 15, 8, 11, 12, 14, 15, 8, 10, 11, 12, 13, 14, 15, 8, 11, 12, 14, 15]"
942,case_61S4,"[8, 9, 10, 11, 12, 13, 14, 15, 8, 9, 10, 11, 12, 13, 14, 15, 8, 11, 12, 14, 15, 8, 10, 11, 12, 14, 15, 8, 10, 11, 12, 15, 8, 10, 11, 12, 13, 14, 15]",S,"[8, 9, 10, 11, 12, 13, 14, 15, 8, 9, 10, 11, 12, 13, 14, 15, 8, 11, 12, 14, 15, 8, 10, 11, 12, 14, 15, 8, 10, 11, 12, 15, 8, 10, 11, 12, 13, 14, 15]"
229,case_120S4,"[8, 9, 10, 11, 12, 13, 14, 15, 8, 10, 11, 12, 14, 15, 8, 11, 12, 15, 8, 9, 10, 11, 12, 13, 14, 15]",S,"[8, 9, 10, 11, 12, 13, 14, 15, 8, 10, 11, 12, 14, 15, 8, 11, 12, 15, 8, 9, 10, 11, 12, 13, 14, 15]"
84,case_105S4,"[8, 9, 10, 11, 12, 13, 14, 15, 8, 10, 11, 12, 15]",S,"[8, 9, 10, 11, 12, 13, 14, 15, 8, 10, 11, 12, 15]"
853,case_49S4,"[8, 9, 10, 11, 12, 13, 14, 15, 8, 10, 11, 12, 15, 8, 9, 10, 11, 12, 15]",S,"[8, 9, 10, 11, 12, 13, 14, 15, 8, 10, 11, 12, 15, 8, 9, 10, 11, 12, 15]"
946,case_62S4,"[8, 9, 10, 11, 12, 13, 14, 15, 8, 10, 11, 12, 14, 15, 8, 9, 10, 11, 12, 13, 14, 15]",S,"[8, 9, 10, 11, 12, 13, 14, 15, 8, 10, 11, 12, 14, 15, 8, 9, 10, 11, 12, 13, 14, 15]"
26,case_100S4,"[8, 9, 10, 11, 12, 13, 14, 15, 8, 10, 11, 12, 13, 14, 15, 8, 11, 12, 13, 14, 15, 8, 10, 11, 12, 15]",S,"[8, 9, 10, 11, 12, 13, 14, 15, 8, 10, 11, 12, 13, 14, 15, 8, 11, 12, 13, 14, 15, 8, 10, 11, 12, 15]"
771,case_40S4,"[8, 9, 10, 11, 12, 13, 14, 15, 8, 9, 10, 11, 12, 15, 8, 9, 10, 11, 12, 15]",S,"[8, 9, 10, 11, 12, 13, 14, 15, 8, 9, 10, 11, 12, 15, 8, 9, 10, 11, 12, 15]"
1039,case_79S4,"[8, 9, 10, 11, 12, 13, 14, 15, 8, 9, 10, 11, 12, 14, 15, 8, 10, 11, 12, 15, 8, 9, 10, 11, 12, 13, 14, 15, 8, 9, 10, 11, 12, 13, 14, 15, 8, 11, 12, 15]",S,"[8, 9, 10, 11, 12, 13, 14, 15, 8, 9, 10, 11, 12, 14, 15, 8, 10, 11, 12, 15, 8, 9, 10, 11, 12, 13, 14, 15, 8, 9, 10, 11, 12, 13, 14, 15, 8, 11, 12, 15]"
288,case_128S4,"[8, 9, 10, 11, 12, 13, 14, 15, 8, 10, 11, 12, 15, 8, 11, 12, 13, 14, 15, 8, 10, 11, 12, 14, 15, 8, 10, 11, 12, 13, 14, 15]",S,"[8, 9, 10, 11, 12, 13, 14, 15, 8, 10, 11, 12, 15, 8, 11, 12, 13, 14, 15, 8, 10, 11, 12, 14, 15, 8, 10, 11, 12, 13, 14, 15]"
673,case_29S4,"[8, 9, 10, 11, 12, 13, 14, 15, 8, 11, 12, 14, 15, 8, 10, 11, 12, 15]",S,"[8, 9, 10, 11, 12, 13, 14, 15, 8, 11, 12, 14, 15, 8, 10, 11, 12, 15]"
620,case_25S4,"[8, 9, 10, 11, 12, 13, 14, 15, 8, 10, 11, 12, 15, 8, 11, 12, 13, 14, 15]",S,"[8, 9, 10, 11, 12, 13, 14, 15, 8, 10, 11, 12, 15, 8, 11, 12, 13, 14, 15]"
789,case_42S4,"[8, 9, 10, 11, 12, 13, 14, 15, 8, 10, 11, 12, 13, 14, 15, 8, 11, 12, 15, 8, 9, 10, 11, 12, 15, 8, 10, 11, 12, 14, 15]",S,"[8, 9, 10, 11, 12, 13, 14, 15, 8, 10, 11, 12, 13, 14, 15, 8, 11, 12, 15, 8, 9, 10, 11, 12, 15, 8, 10, 11, 12, 14, 15]"
389,case_140S4,"[8, 9, 10, 11, 12, 13, 14, 15, 8, 10, 11, 12, 15, 8, 9, 10, 11, 12, 13, 14, 15]",S,"[8, 9, 10, 11, 12, 13, 14, 15, 8, 10, 11, 12, 15, 8, 9, 10, 11, 12, 13, 14, 15]"
646,case_27S4,"[8, 9, 10, 11, 12, 13, 14, 15, 8, 9, 10, 11, 12, 13, 14, 15, 8, 10, 11, 12, 13, 14, 15, 8, 10, 11, 12, 14, 15, 8, 10, 11, 12, 15, 8, 10, 11, 12, 13, 14, 15]",S,"[8, 9, 10, 11, 12, 13, 14, 15, 8, 9, 10, 11, 12, 13, 14, 15, 8, 10, 11, 12, 13, 14, 15, 8, 10, 11, 12, 14, 15, 8, 10, 11, 12, 15, 8, 10, 11, 12, 13, 14, 15]"
13,case_0S4,"[8, 9, 10, 11, 12, 13, 14, 15, 8, 9, 10, 11, 12, 13, 14, 15, 8, 11, 12, 13, 14, 15]",S,"[8, 9, 10, 11, 12, 13, 14, 15, 8, 9, 10, 11, 12, 13, 14, 15, 8, 11, 12, 13, 14, 15]"
489,case_16S4,"[8, 9, 10, 11, 12, 13, 14, 15, 8, 10, 11, 12, 14, 15, 8, 11, 12, 13, 14, 15]",S,"[8, 9, 10, 11, 12, 13, 14, 15, 8, 10, 11, 12, 14, 15, 8, 11, 12, 13, 14, 15]"
371,case_139L4,"[8, 9, 10, 11, 12, 13, 14, 15, 8, 9, 10, 11, 12, 13, 14, 13, 14, 13, 14, 13, 14, 13, 14, 14, 14, 14, 15, 15]",L,"[8, 9, 10, 11, 12, 13, 14, 15, 8, 9, 10, 11, 12, 13, 14, 13, 14, 13, 14, 13, 14, 13, 14, 14, 14, 14, 15, 15]"
307,case_130L4,"[8, 9, 10, 11, 12, 13, 14, 15, 8, 9, 10, 11, 12, 13, 14, 14, 14, 13, 14, 14, 13, 14, 14, 13, 14, 15, 8, 9, 10, 11, 12, 13, 14, 15, 14, 15]",L,"[8, 9, 10, 11, 12, 13, 14, 15, 8, 9, 10, 11, 12, 13, 14, 14, 14, 13, 14, 14, 13, 14, 14, 13, 14, 15, 8, 9, 10, 11, 12, 13, 14, 15, 14, 15]"
224,case_120L4,"[8, 9, 10, 11, 12, 13, 14, 15, 8, 9, 10, 11, 12, 13, 14, 13, 14, 15, 14, 15, 15, 8, 9, 10, 11, 12, 13, 14, 15, 15, 8, 9, 10, 11, 12, 13, 14, 14, 14, 15]",L,"[8, 9, 10, 11, 12, 13, 14, 15, 8, 9, 10, 11, 12, 13, 14, 13, 14, 15, 14, 15, 15, 8, 9, 10, 11, 12, 13, 14, 15, 15, 8, 9, 10, 11, 12, 13, 14, 14, 14, 15]"
1018,case_75L4,"[8, 9, 10, 11, 12, 13, 14, 15, 8, 9, 10, 11, 12, 13, 14, 15, 14, 15, 8, 9, 10, 11, 12, 13, 14, 14, 14, 15, 8, 9, 10, 11, 12, 13, 14, 15, 8, 9, 10, 11, 12, 13, 14, 14, 14, 13, 14, 13, 14, 13, 14, 13, 14, 14, 14, 15, 8, 9, 10, 11, 12, 13, 14, 15]",L,"[8, 9, 10, 11, 12, 13, 14, 15, 8, 9, 10, 11, 12, 13, 14, 15, 14, 15, 8, 9, 10, 11, 12, 13, 14, 14, 14, 15, 8, 9, 10, 11, 12, 13, 14, 15, 8, 9, 10, 11, 12, 13, 14, 14, 14, 13, 14, 13, 14, 13, 14, 13, 14, 14, 14, 15, 8, 9, 10, 11, 12, 13, 14, 15]"
1043,case_7L4,"[8, 9, 10, 11, 12, 13, 14, 15, 8, 9, 10, 11, 12, 13, 14, 14, 15, 8, 9, 10, 11, 12, 13, 14, 14, 15, 8, 9, 10, 11, 12, 13, 14, 15]",L,"[8, 9, 10, 11, 12, 13, 14, 15, 8, 9, 10, 11, 12, 13, 14, 14, 15, 8, 9, 10, 11, 12, 13, 14, 14, 15, 8, 9, 10, 11, 12, 13, 14, 15]"
966,case_66L4,"[8, 9, 10, 11, 12, 13, 14, 15, 8, 9, 10, 11, 12, 13, 14, 15, 14, 14, 14, 14, 13, 14, 15, 15, 15, 15, 14, 13, 14, 13, 14, 14, 15]",L,"[8, 9, 10, 11, 12, 13, 14, 15, 8, 9, 10, 11, 12, 13, 14, 15, 14, 14, 14, 14, 13, 14, 15, 15, 15, 15, 14, 13, 14, 13, 14, 14, 15]"
270,case_126L4,"[8, 9, 10, 11, 12, 13, 14, 15, 8, 9, 10, 11, 12, 13, 14, 15, 14, 14, 15, 14, 14, 13, 14, 15, 14, 15, 15, 8, 9, 10, 11, 12, 13, 14, 14, 14, 13, 14, 13, 14, 13, 14, 14, 15, 15, 8, 9, 10, 11, 12, 13, 14, 14, 14, 14, 15, 15, 15]",L,"[8, 9, 10, 11, 12, 13, 14, 15, 8, 9, 10, 11, 12, 13, 14, 15, 14, 14, 15, 14, 14, 13, 14, 15, 14, 15, 15, 8, 9, 10, 11, 12, 13, 14, 14, 14, 13, 14, 13, 14, 13, 14, 14, 15, 15, 8, 9, 10, 11, 12, 13, 14, 14, 14, 14, 15, 15, 15]"
863,case_50L4,"[8, 9, 10, 11, 12, 13, 14, 15, 8, 9, 10, 11, 12, 13, 14, 14, 15, 14, 15]",L,"[8, 9, 10, 11, 12, 13, 14, 15, 8, 9, 10, 11, 12, 13, 14, 14, 15, 14, 15]"
20,case_100L4,"[8, 9, 10, 11, 12, 13, 14, 15, 8, 9, 10, 11, 12, 13, 14, 14, 14, 13, 14, 13, 14, 15]",L,"[8, 9, 10, 11, 12, 13, 14, 15, 8, 9, 10, 11, 12, 13, 14, 14, 14, 13, 14, 13, 14, 15]"
109,case_108L4,"[8, 9, 10, 11, 12, 13, 14, 15, 8, 9, 10, 11, 12, 13, 14, 13, 14, 15, 14, 14, 15, 14, 14, 15, 8, 9, 10, 11, 12, 13, 14, 14, 13, 14, 14, 13, 14, 13, 14, 15, 15, 8, 9, 10, 11, 12, 13, 14, 15, 8, 9, 10, 11, 12, 13, 14, 15]",L,"[8, 9, 10, 11, 12, 13, 14, 15, 8, 9, 10, 11, 12, 13, 14, 13, 14, 15, 14, 14, 15, 14, 14, 15, 8, 9, 10, 11, 12, 13, 14, 14, 13, 14, 14, 13, 14, 13, 14, 15, 15, 8, 9, 10, 11, 12, 13, 14, 15, 8, 9, 10, 11, 12, 13, 14, 15]"
1054,case_81L4,"[8, 9, 10, 11, 12, 13, 14, 15, 8, 9, 10, 11, 12, 13, 14, 15, 15, 8, 9, 10, 11, 12, 13, 14, 14, 15, 14, 13, 14, 13, 14, 13, 14, 13, 14, 15, 14, 15, 14, 14, 14, 14, 14, 14, 14, 15]",L,"[8, 9, 10, 11, 12, 13, 14, 15, 8, 9, 10, 11, 12, 13, 14, 15, 15, 8, 9, 10, 11, 12, 13, 14, 14, 15, 14, 13, 14, 13, 14, 13, 14, 13, 14, 15, 14, 15, 14, 14, 14, 14, 14, 14, 14, 15]"
854,case_4L4,"[8, 9, 10, 11, 12, 13, 14, 15, 8, 9, 10, 11, 12, 13, 14, 15, 8, 9, 10, 11, 12, 13, 14, 14, 15]",L,"[8, 9, 10, 11, 12, 13, 14, 15, 8, 9, 10, 11, 12, 13, 14, 15, 8, 9, 10, 11, 12, 13, 14, 14, 15]"
1127,case_94L4,"[8, 9, 10, 11, 12, 13, 14, 15, 8, 9, 10, 11, 12, 13, 14, 14, 14, 15, 8, 9, 10, 11, 12, 13, 14, 13, 14, 14, 13, 14, 13, 14, 15]",L,"[8, 9, 10, 11, 12, 13, 14, 15, 8, 9, 10, 11, 12, 13, 14, 14, 14, 15, 8, 9, 10, 11, 12, 13, 14, 13, 14, 14, 13, 14, 13, 14, 15]"
1145,case_98L4,"[8, 9, 10, 11, 12, 13, 14, 15, 8, 9, 10, 11, 12, 13, 14, 14, 13, 14, 15, 14, 13, 14, 14, 15, 8, 9, 10, 11, 12, 13, 14, 14, 14, 15, 8, 9, 10, 11, 12, 13, 14, 15]",L,"[8, 9, 10, 11, 12, 13, 14, 15, 8, 9, 10, 11, 12, 13, 14, 14, 13, 14, 15, 14, 13, 14, 14, 15, 8, 9, 10, 11, 12, 13, 14, 14, 14, 15, 8, 9, 10, 11, 12, 13, 14, 15]"
260,case_125L4,"[8, 9, 10, 11, 12, 13, 14, 15, 8, 9, 10, 11, 12, 13, 14, 14, 13, 14, 14, 13, 14, 14, 14, 15, 8, 9, 10, 11, 12, 13, 14, 13, 14, 15, 15, 8, 9, 10, 11, 12, 13, 14, 15, 14, 13, 14, 15, 8, 9, 10, 11, 12, 13, 14, 15, 8, 9, 10, 11, 12, 13, 14, 15, 15]",L,"[8, 9, 10, 11, 12, 13, 14, 15, 8, 9, 10, 11, 12, 13, 14, 14, 13, 14, 14, 13, 14, 14, 14, 15, 8, 9, 10, 11, 12, 13, 14, 13, 14, 15, 15, 8, 9, 10, 11, 12, 13, 14, 15, 14, 13, 14, 15, 8, 9, 10, 11, 12, 13, 14, 15, 8, 9, 10, 11, 12, 13, 14, 15, 15]"
328,case_133L4,"[8, 9, 10, 11, 12, 13, 14, 15, 8, 9, 10, 11, 12, 13, 14, 14, 13, 14, 14, 14, 15, 8, 9, 10, 11, 12, 13, 14, 14, 15, 8, 9, 10, 11, 12, 13, 14, 13, 14, 15, 14, 15, 14, 13, 14, 13, 14, 14, 15]",L,"[8, 9, 10, 11, 12, 13, 14, 15, 8, 9, 10, 11, 12, 13, 14, 14, 13, 14, 14, 14, 15, 8, 9, 10, 11, 12, 13, 14, 14, 15, 8, 9, 10, 11, 12, 13, 14, 13, 14, 15, 14, 15, 14, 13, 14, 13, 14, 14, 15]"
1116,case_91L4,"[8, 9, 10, 11, 12, 13, 14, 15, 8, 9, 10, 11, 12, 13, 14, 15, 14, 13, 14, 15, 14, 13, 14, 15, 15, 15]",L,"[8, 9, 10, 11, 12, 13, 14, 15, 8, 9, 10, 11, 12, 13, 14, 15, 14, 13, 14, 15, 14, 13, 14, 15, 15, 15]"
421,case_145L4,"[8, 9, 10, 11, 12, 13, 14, 15, 8, 9, 10, 11, 12, 13, 14, 15, 14, 13, 14, 14, 13, 14, 15]",L,"[8, 9, 10, 11, 12, 13, 14, 15, 8, 9, 10, 11, 12, 13, 14, 15, 14, 13, 14, 14, 13, 14, 15]"
101,case_107L4,"[8, 9, 10, 11, 12, 13, 14, 15, 8, 9, 10, 11, 12, 13, 14, 14, 13, 14, 13, 14, 13, 14, 13, 14, 15]",L,"[8, 9, 10, 11, 12, 13, 14, 15, 8, 9, 10, 11, 12, 13, 14, 14, 13, 14, 13, 14, 13, 14, 13, 14, 15]"
91,case_106L4,"[8, 9, 10, 11, 12, 13, 14, 15, 8, 9, 10, 11, 12, 13, 14, 14, 13, 14, 13, 14, 14, 15]",L,"[8, 9, 10, 11, 12, 13, 14, 15, 8, 9, 10, 11, 12, 13, 14, 14, 13, 14, 13, 14, 14, 15]"
934,case_60L3,"[8, 9, 10, 11, 12, 13, 14, 15, 8, 9, 10, 11, 12, 13, 14, 8, 9, 10, 11, 12, 13, 14, 8, 9, 10, 11, 12, 13, 14, 9, 10, 11, 12, 13, 14, 9, 10, 11, 12, 13, 14, 8, 9, 10, 11, 12, 13, 14, 15, 9, 10, 11, 12, 13, 14, 15]",L,"[8, 9, 10, 11, 12, 13, 14, 15, 8, 9, 10, 11, 12, 13, 14, 8, 9, 10, 11, 12, 13, 14, 8, 9, 10, 11, 12, 13, 14, 9, 10, 11, 12, 13, 14, 9, 10, 11, 12, 13, 14, 8, 9, 10, 11, 12, 13, 14, 15, 9, 10, 11, 12, 13, 14, 15]"
138,case_110L3,"[8, 9, 10, 11, 12, 13, 14, 15, 8, 9, 10, 11, 12, 13, 14, 9, 10, 11, 12, 13, 14, 8, 9, 10, 11, 12, 13, 14, 9, 10, 11, 12, 13, 14, 9, 10, 11, 12, 13, 14, 8, 9, 10, 11, 12, 13, 14, 15, 10, 11, 12, 13, 14, 9, 10, 11, 12, 13, 14, 8, 9, 10, 11, 12, 13, 14, 8, 9, 10, 11, 12, 13, 14, 15]",L,"[8, 9, 10, 11, 12, 13, 14, 15, 8, 9, 10, 11, 12, 13, 14, 9, 10, 11, 12, 13, 14, 8, 9, 10, 11, 12, 13, 14, 9, 10, 11, 12, 13, 14, 9, 10, 11, 12, 13, 14, 8, 9, 10, 11, 12, 13, 14, 15, 10, 11, 12, 13, 14, 9, 10, 11, 12, 13, 14, 8, 9, 10, 11, 12, 13, 14, 8, 9, 10, 11, 12, 13, 14, 15]"
1004,case_72L3,"[8, 9, 10, 11, 12, 13, 14, 15, 8, 9, 10, 11, 12, 13, 14, 15, 9, 10, 11, 12, 13, 14, 8, 9, 10, 11, 12, 13, 14, 9, 10, 11, 12, 13, 14, 15, 10, 11, 12, 13, 14, 15, 9, 10, 11, 12, 13, 14, 15, 10, 11, 12, 13, 14, 8, 9, 10, 11, 12, 13, 14, 8, 9, 10, 11, 12, 13, 14, 9, 10, 11, 12, 13, 14, 8, 9, 10, 11, 12, 13, 14, 9, 10, 11, 12, 13, 14, 9, 10, 11, 12, 13, 14, 15, 8, 9, 10, 11, 12, 13, 14, 15, 8, 9, 10, 11, 12, 13, 14, 15, 10, 11, 12, 13, 14, 15, 10, 11, 12, 13, 14, 15, 8, 9, 10, 11, 12, 13, 14, 15, 9, 10, 11, 12, 13, 14, 15]",L,"[8, 9, 10, 11, 12, 13, 14, 15, 8, 9, 10, 11, 12, 13, 14, 15, 9, 10, 11, 12, 13, 14, 8, 9, 10, 11, 12, 13, 14, 9, 10, 11, 12, 13, 14, 15, 10, 11, 12, 13, 14, 15, 9, 10, 11, 12, 13, 14, 15, 10, 11, 12, 13, 14, 8, 9, 10, 11, 12, 13, 14, 8, 9, 10, 11, 12, 13, 14, 9, 10, 11, 12, 13, 14, 8, 9, 10, 11, 12, 13, 14, 9, 10, 11, 12, 13, 14, 9, 10, 11, 12, 13, 14, 15, 8, 9, 10, 11, 12, 13, 14, 15, 8, 9, 10, 11, 12, 13, 14, 15, 10, 11, 12, 13, 14, 15, 10, 11, 12, 13, 14, 15, 8, 9, 10, 11, 12, 13, 14, 15, 9, 10, 11, 12, 13, 14, 15]"
841,case_48L3,"[8, 9, 10, 11, 12, 13, 14, 15, 8, 9, 10, 11, 12, 13, 14, 9, 10, 11, 12, 13, 14, 15, 9, 10, 11, 12, 13, 14, 9, 10, 11, 12, 13, 14, 9, 10, 11, 12, 13, 14, 8, 9, 10, 11, 12, 13, 14, 8, 9, 10, 11, 12, 13, 14, 15, 9, 10, 11, 12, 13, 14, 15, 10, 11, 12, 13, 14, 9, 10, 11, 12, 13, 14, 15, 8, 9, 10, 11, 12, 13, 14, 8, 9, 10, 11, 12, 13, 14, 8, 9, 10, 11, 12, 13, 14, 15, 10, 11, 12, 13, 14, 15]",L,"[8, 9, 10, 11, 12, 13, 14, 15, 8, 9, 10, 11, 12, 13, 14, 9, 10, 11, 12, 13, 14, 15, 9, 10, 11, 12, 13, 14, 9, 10, 11, 12, 13, 14, 9, 10, 11, 12, 13, 14, 8, 9, 10, 11, 12, 13, 14, 8, 9, 10, 11, 12, 13, 14, 15, 9, 10, 11, 12, 13, 14, 15, 10, 11, 12, 13, 14, 9, 10, 11, 12, 13, 14, 15, 8, 9, 10, 11, 12, 13, 14, 8, 9, 10, 11, 12, 13, 14, 8, 9, 10, 11, 12, 13, 14, 15, 10, 11, 12, 13, 14, 15]"
988,case_6L3,"[8, 9, 10, 11, 12, 13, 14, 15, 8, 9, 10, 11, 12, 13, 14, 9, 10, 11, 12, 13, 14, 15, 8, 9, 10, 11, 12, 13, 14, 15, 10, 11, 12, 13, 14, 15, 8, 9, 10, 11, 12, 13, 14, 8, 9, 10, 11, 12, 13, 14, 9, 10, 11, 12, 13, 14, 15, 8, 9, 10, 11, 12, 13, 14, 8, 9, 10, 11, 12, 13, 14, 9, 10, 11, 12, 13, 14, 9, 10, 11, 12, 13, 14, 8, 9, 10, 11, 12, 13, 14, 8, 9, 10, 11, 12, 13, 14, 15, 9, 10, 11, 12, 13, 14, 8, 9, 10, 11, 12, 13, 14, 15, 8, 9, 10, 11, 12, 13, 14, 8, 9, 10, 11, 12, 13, 14, 8, 9, 10, 11, 12, 13, 14, 8, 9, 10, 11, 12, 13, 14, 15, 10, 11, 12, 13, 14, 8, 9, 10, 11, 12, 13, 14, 8, 9, 10, 11, 12, 13, 14, 8, 9, 10, 11, 12, 13, 14, 15, 10, 11, 12, 13, 14, 15]",L,"[8, 9, 10, 11, 12, 13, 14, 15, 8, 9, 10, 11, 12, 13, 14, 9, 10, 11, 12, 13, 14, 15, 8, 9, 10, 11, 12, 13, 14, 15, 10, 11, 12, 13, 14, 15, 8, 9, 10, 11, 12, 13, 14, 8, 9, 10, 11, 12, 13, 14, 9, 10, 11, 12, 13, 14, 15, 8, 9, 10, 11, 12, 13, 14, 8, 9, 10, 11, 12, 13, 14, 9, 10, 11, 12, 13, 14, 9, 10, 11, 12, 13, 14, 8, 9, 10, 11, 12, 13, 14, 8, 9, 10, 11, 12, 13, 14, 15, 9, 10, 11, 12, 13, 14, 8, 9, 10, 11, 12, 13, 14, 15, 8, 9, 10, 11, 12, 13, 14, 8, 9, 10, 11, 12, 13, 14, 8, 9, 10, 11, 12, 13, 14, 8, 9, 10, 11, 12, 13, 14, 15, 10, 11, 12, 13, 14, 8, 9, 10, 11, 12, 13, 14, 8, 9, 10, 11, 12, 13, 14, 8, 9, 10, 11, 12, 13, 14, 15, 10, 11, 12, 13, 14, 15]"
515,case_18L3,"[8, 9, 10, 11, 12, 13, 14, 15, 8, 9, 10, 11, 12, 13, 14, 9, 10, 11, 12, 13, 14, 8, 9, 10, 11, 12, 13, 14, 15, 10, 11, 12, 13, 14, 8, 9, 10, 11, 12, 13, 14, 9, 10, 11, 12, 13, 14, 9, 10, 11, 12, 13, 14, 9, 10, 11, 12, 13, 14, 8, 9, 10, 11, 12, 13, 14, 15, 9, 10, 11, 12, 13, 14, 15, 10, 11, 12, 13, 14, 8, 9, 10, 11, 12, 13, 14, 15, 10, 11, 12, 13, 14, 15, 10, 11, 12, 13, 14, 8, 9, 10, 11, 12, 13, 14, 15, 8, 9, 10, 11, 12, 13, 14, 15]",L,"[8, 9, 10, 11, 12, 13, 14, 15, 8, 9, 10, 11, 12, 13, 14, 9, 10, 11, 12, 13, 14, 8, 9, 10, 11, 12, 13, 14, 15, 10, 11, 12, 13, 14, 8, 9, 10, 11, 12, 13, 14, 9, 10, 11, 12, 13, 14, 9, 10, 11, 12, 13, 14, 9, 10, 11, 12, 13, 14, 8, 9, 10, 11, 12, 13, 14, 15, 9, 10, 11, 12, 13, 14, 15, 10, 11, 12, 13, 14, 8, 9, 10, 11, 12, 13, 14, 15, 10, 11, 12, 13, 14, 15, 10, 11, 12, 13, 14, 8, 9, 10, 11, 12, 13, 14, 15, 8, 9, 10, 11, 12, 13, 14, 15]"
893,case_55L3,"[8, 9, 10, 11, 12, 13, 14, 15, 8, 9, 10, 11, 12, 13, 14, 8, 9, 10, 11, 12, 13, 14, 8, 9, 10, 11, 12, 13, 14, 15, 9, 10, 11, 12, 13, 14, 9, 10, 11, 12, 13, 14, 9, 10, 11, 12, 13, 14, 15, 9, 10, 11, 12, 13, 14, 15]",L,"[8, 9, 10, 11, 12, 13, 14, 15, 8, 9, 10, 11, 12, 13, 14, 8, 9, 10, 11, 12, 13, 14, 8, 9, 10, 11, 12, 13, 14, 15, 9, 10, 11, 12, 13, 14, 9, 10, 11, 12, 13, 14, 9, 10, 11, 12, 13, 14, 15, 9, 10, 11, 12, 13, 14, 15]"
1123,case_93L3,"[8, 9, 10, 11, 12, 13, 14, 15, 8, 9, 10, 11, 12, 13, 14, 9, 10, 11, 12, 13, 14, 8, 9, 10, 11, 12, 13, 14, 15, 10, 11, 12, 13, 14, 9, 10, 11, 12, 13, 14, 9, 10, 11, 12, 13, 14, 8, 9, 10, 11, 12, 13, 14, 15]",L,"[8, 9, 10, 11, 12, 13, 14, 15, 8, 9, 10, 11, 12, 13, 14, 9, 10, 11, 12, 13, 14, 8, 9, 10, 11, 12, 13, 14, 15, 10, 11, 12, 13, 14, 9, 10, 11, 12, 13, 14, 9, 10, 11, 12, 13, 14, 8, 9, 10, 11, 12, 13, 14, 15]"
916,case_58L3,"[8, 9, 10, 11, 12, 13, 14, 15, 8, 9, 10, 11, 12, 13, 14, 8, 9, 10, 11, 12, 13, 14, 9, 10, 11, 12, 13, 14, 15, 8, 9, 10, 11, 12, 13, 14, 9, 10, 11, 12, 13, 14, 15, 8, 9, 10, 11, 12, 13, 14, 8, 9, 10, 11, 12, 13, 14, 15, 8, 9, 10, 11, 12, 13, 14, 9, 10, 11, 12, 13, 14, 8, 9, 10, 11, 12, 13, 14, 8, 9, 10, 11, 12, 13, 14, 9, 10, 11, 12, 13, 14, 15, 9, 10, 11, 12, 13, 14, 15, 9, 10, 11, 12, 13, 14, 15]",L,"[8, 9, 10, 11, 12, 13, 14, 15, 8, 9, 10, 11, 12, 13, 14, 8, 9, 10, 11, 12, 13, 14, 9, 10, 11, 12, 13, 14, 15, 8, 9, 10, 11, 12, 13, 14, 9, 10, 11, 12, 13, 14, 15, 8, 9, 10, 11, 12, 13, 14, 8, 9, 10, 11, 12, 13, 14, 15, 8, 9, 10, 11, 12, 13, 14, 9, 10, 11, 12, 13, 14, 8, 9, 10, 11, 12, 13, 14, 8, 9, 10, 11, 12, 13, 14, 9, 10, 11, 12, 13, 14, 15, 9, 10, 11, 12, 13, 14, 15, 9, 10, 11, 12, 13, 14, 15]"
1091,case_88L3,"[8, 9, 10, 11, 12, 13, 14, 15, 8, 9, 10, 11, 12, 13, 14, 8, 9, 10, 11, 12, 13, 14, 15, 9, 10, 11, 12, 13, 14, 9, 10, 11, 12, 13, 14, 9, 10, 11, 12, 13, 14, 15]",L,"[8, 9, 10, 11, 12, 13, 14, 15, 8, 9, 10, 11, 12, 13, 14, 8, 9, 10, 11, 12, 13, 14, 15, 9, 10, 11, 12, 13, 14, 9, 10, 11, 12, 13, 14, 9, 10, 11, 12, 13, 14, 15]"
777,case_41L3,"[8, 9, 10, 11, 12, 13, 14, 15, 8, 9, 10, 11, 12, 13, 14, 9, 10, 11, 12, 13, 14, 15, 8, 9, 10, 11, 12, 13, 14, 8, 9, 10, 11, 12, 13, 14, 15, 10, 11, 12, 13, 14, 15]",L,"[8, 9, 10, 11, 12, 13, 14, 15, 8, 9, 10, 11, 12, 13, 14, 9, 10, 11, 12, 13, 14, 15, 8, 9, 10, 11, 12, 13, 14, 8, 9, 10, 11, 12, 13, 14, 15, 10, 11, 12, 13, 14, 15]"
977,case_68L3,"[8, 9, 10, 11, 12, 13, 14, 15, 8, 9, 10, 11, 12, 13, 14, 9, 10, 11, 12, 13, 14, 9, 10, 11, 12, 13, 14, 9, 10, 11, 12, 13, 14, 9, 10, 11, 12, 13, 14, 15, 8, 9, 10, 11, 12, 13, 14, 8, 9, 10, 11, 12, 13, 14, 15, 9, 10, 11, 12, 13, 14, 8, 9, 10, 11, 12, 13, 14, 15]",L,"[8, 9, 10, 11, 12, 13, 14, 15, 8, 9, 10, 11, 12, 13, 14, 9, 10, 11, 12, 13, 14, 9, 10, 11, 12, 13, 14, 9, 10, 11, 12, 13, 14, 9, 10, 11, 12, 13, 14, 15, 8, 9, 10, 11, 12, 13, 14, 8, 9, 10, 11, 12, 13, 14, 15, 9, 10, 11, 12, 13, 14, 8, 9, 10, 11, 12, 13, 14, 15]"
69,case_104L3,"[8, 9, 10, 11, 12, 13, 14, 15, 8, 9, 10, 11, 12, 13, 14, 9, 10, 11, 12, 13, 14, 9, 10, 11, 12, 13, 14, 9, 10, 11, 12, 13, 14, 9, 10, 11, 12, 13, 14, 8, 9, 10, 11, 12, 13, 14, 15, 9, 10, 11, 12, 13, 14, 8, 9, 10, 11, 12, 13, 14, 15, 10, 11, 12, 13, 14, 8, 9, 10, 11, 12, 13, 14, 8, 9, 10, 11, 12, 13, 14, 15]",L,"[8, 9, 10, 11, 12, 13, 14, 15, 8, 9, 10, 11, 12, 13, 14, 9, 10, 11, 12, 13, 14, 9, 10, 11, 12, 13, 14, 9, 10, 11, 12, 13, 14, 9, 10, 11, 12, 13, 14, 8, 9, 10, 11, 12, 13, 14, 15, 9, 10, 11, 12, 13, 14, 8, 9, 10, 11, 12, 13, 14, 15, 10, 11, 12, 13, 14, 8, 9, 10, 11, 12, 13, 14, 8, 9, 10, 11, 12, 13, 14, 15]"
1074,case_85L3,"[8, 9, 10, 11, 12, 13, 14, 15, 8, 9, 10, 11, 12, 13, 14, 9, 10, 11, 12, 13, 14, 15, 8, 9, 10, 11, 12, 13, 14, 8, 9, 10, 11, 12, 13, 14, 8, 9, 10, 11, 12, 13, 14, 9, 10, 11, 12, 13, 14, 15, 10, 11, 12, 13, 14, 15, 8, 9, 10, 11, 12, 13, 14, 9, 10, 11, 12, 13, 14, 8, 9, 10, 11, 12, 13, 14, 15]",L,"[8, 9, 10, 11, 12, 13, 14, 15, 8, 9, 10, 11, 12, 13, 14, 9, 10, 11, 12, 13, 14, 15, 8, 9, 10, 11, 12, 13, 14, 8, 9, 10, 11, 12, 13, 14, 8, 9, 10, 11, 12, 13, 14, 9, 10, 11, 12, 13, 14, 15, 10, 11, 12, 13, 14, 15, 8, 9, 10, 11, 12, 13, 14, 9, 10, 11, 12, 13, 14, 8, 9, 10, 11, 12, 13, 14, 15]"
428,case_146L3,"[8, 9, 10, 11, 12, 13, 14, 15, 8, 9, 10, 11, 12, 13, 14, 15, 9, 10, 11, 12, 13, 14, 8, 9, 10, 11, 12, 13, 14, 8, 9, 10, 11, 12, 13, 14, 9, 10, 11, 12, 13, 14, 8, 9, 10, 11, 12, 13, 14, 15, 9, 10, 11, 12, 13, 14, 9, 10, 11, 12, 13, 14, 8, 9, 10, 11, 12, 13, 14, 9, 10, 11, 12, 13, 14, 9, 10, 11, 12, 13, 14, 15, 9, 10, 11, 12, 13, 14, 15, 9, 10, 11, 12, 13, 14, 8, 9, 10, 11, 12, 13, 14, 15, 8, 9, 10, 11, 12, 13, 14, 15]",L,"[8, 9, 10, 11, 12, 13, 14, 15, 8, 9, 10, 11, 12, 13, 14, 15, 9, 10, 11, 12, 13, 14, 8, 9, 10, 11, 12, 13, 14, 8, 9, 10, 11, 12, 13, 14, 9, 10, 11, 12, 13, 14, 8, 9, 10, 11, 12, 13, 14, 15, 9, 10, 11, 12, 13, 14, 9, 10, 11, 12, 13, 14, 8, 9, 10, 11, 12, 13, 14, 9, 10, 11, 12, 13, 14, 9, 10, 11, 12, 13, 14, 15, 9, 10, 11, 12, 13, 14, 15, 9, 10, 11, 12, 13, 14, 8, 9, 10, 11, 12, 13, 14, 15, 8, 9, 10, 11, 12, 13, 14, 15]"
600,case_24L3,"[8, 9, 10, 11, 12, 13, 14, 15, 8, 9, 10, 11, 12, 13, 14, 15, 10, 11, 12, 13, 14, 9, 10, 11, 12, 13, 14, 9, 10, 11, 12, 13, 14, 8, 9, 10, 11, 12, 13, 14, 15, 8, 9, 10, 11, 12, 13, 14, 15]",L,"[8, 9, 10, 11, 12, 13, 14, 15, 8, 9, 10, 11, 12, 13, 14, 15, 10, 11, 12, 13, 14, 9, 10, 11, 12, 13, 14, 9, 10, 11, 12, 13, 14, 8, 9, 10, 11, 12, 13, 14, 15, 8, 9, 10, 11, 12, 13, 14, 15]"
959,case_65L3,"[8, 9, 10, 11, 12, 13, 14, 15, 8, 9, 10, 11, 12, 13, 14, 9, 10, 11, 12, 13, 14, 9, 10, 11, 12, 13, 14, 15, 9, 10, 11, 12, 13, 14, 15]",L,"[8, 9, 10, 11, 12, 13, 14, 15, 8, 9, 10, 11, 12, 13, 14, 9, 10, 11, 12, 13, 14, 9, 10, 11, 12, 13, 14, 15, 9, 10, 11, 12, 13, 14, 15]"
193,case_117L3,"[8, 9, 10, 11, 12, 13, 14, 15, 8, 9, 10, 11, 12, 13, 14, 8, 9, 10, 11, 12, 13, 14, 15, 8, 9, 10, 11, 12, 13, 14, 15]",L,"[8, 9, 10, 11, 12, 13, 14, 15, 8, 9, 10, 11, 12, 13, 14, 8, 9, 10, 11, 12, 13, 14, 15, 8, 9, 10, 11, 12, 13, 14, 15]"
321,case_132L3,"[8, 9, 10, 11, 12, 13, 14, 15, 8, 9, 10, 11, 12, 13, 14, 8, 9, 10, 11, 12, 13, 14, 15, 9, 10, 11, 12, 13, 14, 15, 10, 11, 12, 13, 14, 9, 10, 11, 12, 13, 14, 8, 9, 10, 11, 12, 13, 14, 15, 10, 11, 12, 13, 14, 9, 10, 11, 12, 13, 14, 8, 9, 10, 11, 12, 13, 14, 8, 9, 10, 11, 12, 13, 14, 15, 8, 9, 10, 11, 12, 13, 14, 9, 10, 11, 12, 13, 14, 9, 10, 11, 12, 13, 14, 8, 9, 10, 11, 12, 13, 14, 15]",L,"[8, 9, 10, 11, 12, 13, 14, 15, 8, 9, 10, 11, 12, 13, 14, 8, 9, 10, 11, 12, 13, 14, 15, 9, 10, 11, 12, 13, 14, 15, 10, 11, 12, 13, 14, 9, 10, 11, 12, 13, 14, 8, 9, 10, 11, 12, 13, 14, 15, 10, 11, 12, 13, 14, 9, 10, 11, 12, 13, 14, 8, 9, 10, 11, 12, 13, 14, 8, 9, 10, 11, 12, 13, 14, 15, 8, 9, 10, 11, 12, 13, 14, 9, 10, 11, 12, 13, 14, 9, 10, 11, 12, 13, 14, 8, 9, 10, 11, 12, 13, 14, 15]"
762,case_3L3,"[8, 9, 10, 11, 12, 13, 14, 15, 8, 9, 10, 11, 12, 13, 14, 9, 10, 11, 12, 13, 14, 8, 9, 10, 11, 12, 13, 14, 9, 10, 11, 12, 13, 14, 8, 9, 10, 11, 12, 13, 14, 9, 10, 11, 12, 13, 14, 9, 10, 11, 12, 13, 14, 15, 9, 10, 11, 12, 13, 14, 8, 9, 10, 11, 12, 13, 14, 15, 9, 10, 11, 12, 13, 14, 8, 9, 10, 11, 12, 13, 14, 15, 9, 10, 11, 12, 13, 14, 15, 8, 9, 10, 11, 12, 13, 14, 15, 9, 10, 11, 12, 13, 14, 8, 9, 10, 11, 12, 13, 14, 15, 10, 11, 12, 13, 14, 15, 8, 9, 10, 11, 12, 13, 14, 8, 9, 10, 11, 12, 13, 14, 15, 10, 11, 12, 13, 14, 15, 10, 11, 12, 13, 14, 8, 9, 10, 11, 12, 13, 14, 15]",L,"[8, 9, 10, 11, 12, 13, 14, 15, 8, 9, 10, 11, 12, 13, 14, 9, 10, 11, 12, 13, 14, 8, 9, 10, 11, 12, 13, 14, 9, 10, 11, 12, 13, 14, 8, 9, 10, 11, 12, 13, 14, 9, 10, 11, 12, 13, 14, 9, 10, 11, 12, 13, 14, 15, 9, 10, 11, 12, 13, 14, 8, 9, 10, 11, 12, 13, 14, 15, 9, 10, 11, 12, 13, 14, 8, 9, 10, 11, 12, 13, 14, 15, 9, 10, 11, 12, 13, 14, 15, 8, 9, 10, 11, 12, 13, 14, 15, 9, 10, 11, 12, 13, 14, 8, 9, 10, 11, 12, 13, 14, 15, 10, 11, 12, 13, 14, 15, 8, 9, 10, 11, 12, 13, 14, 8, 9, 10, 11, 12, 13, 14, 15, 10, 11, 12, 13, 14, 15, 10, 11, 12, 13, 14, 8, 9, 10, 11, 12, 13, 14, 15]"
663,case_297C4,"[8, 9, 13, 14, 15, 8, 10, 13, 14, 15, 8, 11, 13, 14, 15, 8, 12, 13, 14, 15, 8, 11, 13, 14, 15, 8, 10, 13, 14, 15]",C,"[8, 9, 13, 14, 15, 8, 10, 13, 14, 15, 8, 11, 13, 14, 15, 8, 12, 13, 14, 15, 8, 11, 13, 14, 15, 8, 10, 13, 14, 15]"
564,case_220C4,"[8, 9, 13, 14, 15, 8, 10, 13, 14, 15, 8, 11, 13, 14, 15, 8, 11, 13, 14, 15]",C,"[8, 9, 13, 14, 15, 8, 10, 13, 14, 15, 8, 11, 13, 14, 15, 8, 11, 13, 14, 15]"
325,case_133C4,"[8, 9, 13, 14, 15, 8, 10, 13, 14, 15, 8, 12, 13, 14, 15]",C,"[8, 9, 13, 14, 15, 8, 10, 13, 14, 15, 8, 12, 13, 14, 15]"
367,case_139C4,"[8, 9, 13, 14, 15, 8, 10, 13, 14, 15, 8, 11, 13, 14, 15]",C,"[8, 9, 13, 14, 15, 8, 10, 13, 14, 15, 8, 11, 13, 14, 15]"
583,case_231C4,"[8, 9, 13, 14, 15, 8, 10, 13, 14, 15, 8, 11, 13, 14, 15, 8, 11, 13, 14, 15, 8, 10, 13, 14, 15, 8, 10, 13, 14, 15]",C,"[8, 9, 13, 14, 15, 8, 10, 13, 14, 15, 8, 11, 13, 14, 15, 8, 11, 13, 14, 15, 8, 10, 13, 14, 15, 8, 10, 13, 14, 15]"
391,case_141C4,"[8, 9, 13, 14, 15, 8, 10, 13, 14, 15, 8, 11, 13, 14, 15, 8, 10, 13, 14, 15]",C,"[8, 9, 13, 14, 15, 8, 10, 13, 14, 15, 8, 11, 13, 14, 15, 8, 10, 13, 14, 15]"
637,case_271C4,"[8, 9, 13, 14, 15, 8, 10, 13, 14, 15, 8, 12, 13, 14, 15, 8, 10, 13, 14, 15, 8, 11, 13, 14, 15]",C,"[8, 9, 13, 14, 15, 8, 10, 13, 14, 15, 8, 12, 13, 14, 15, 8, 10, 13, 14, 15, 8, 11, 13, 14, 15]"
397,case_142C4,"[8, 9, 13, 14, 15, 8, 12, 13, 14, 15, 8, 10, 13, 14, 15, 8, 11, 13, 14, 15, 8, 10, 13, 14, 15, 8, 11, 13, 14, 15]",C,"[8, 9, 13, 14, 15, 8, 12, 13, 14, 15, 8, 10, 13, 14, 15, 8, 11, 13, 14, 15, 8, 10, 13, 14, 15, 8, 11, 13, 14, 15]"
540,case_205C4,"[8, 9, 13, 14, 15, 8, 10, 13, 14, 15, 8, 12, 13, 14, 15, 8, 12, 13, 14, 15]",C,"[8, 9, 13, 14, 15, 8, 10, 13, 14, 15, 8, 12, 13, 14, 15, 8, 12, 13, 14, 15]"
457,case_153C4,"[8, 9, 13, 14, 15, 8, 12, 13, 14, 15, 8, 12, 13, 14, 15, 8, 12, 13, 14, 15]",C,"[8, 9, 13, 14, 15, 8, 12, 13, 14, 15, 8, 12, 13, 14, 15, 8, 12, 13, 14, 15]"
256,case_125C4,"[8, 9, 13, 14, 15, 8, 10, 13, 14, 15, 8, 11, 13, 14, 15, 8, 12, 13, 14, 15, 8, 12, 13, 14, 15]",C,"[8, 9, 13, 14, 15, 8, 10, 13, 14, 15, 8, 11, 13, 14, 15, 8, 12, 13, 14, 15, 8, 12, 13, 14, 15]"
311,case_131C4,"[8, 9, 13, 14, 15, 8, 11, 13, 14, 15, 8, 12, 13, 14, 15]",C,"[8, 9, 13, 14, 15, 8, 11, 13, 14, 15, 8, 12, 13, 14, 15]"
502,case_183C4,"[8, 9, 13, 14, 15, 8, 12, 13, 14, 15, 8, 12, 13, 14, 15]",C,"[8, 9, 13, 14, 15, 8, 12, 13, 14, 15, 8, 12, 13, 14, 15]"
203,case_119C4,"[8, 9, 13, 14, 15, 8, 10, 13, 14, 15, 8, 10, 13, 14, 15, 8, 11, 13, 14, 15]",C,"[8, 9, 13, 14, 15, 8, 10, 13, 14, 15, 8, 10, 13, 14, 15, 8, 11, 13, 14, 15]"
570,case_227C4,"[8, 9, 13, 14, 15, 8, 11, 13, 14, 15, 8, 11, 13, 14, 15, 8, 11, 13, 14, 15, 8, 10, 13, 14, 15]",C,"[8, 9, 13, 14, 15, 8, 11, 13, 14, 15, 8, 11, 13, 14, 15, 8, 11, 13, 14, 15, 8, 10, 13, 14, 15]"
662,case_295C4,"[8, 9, 13, 14, 15, 8, 10, 13, 14, 15, 8, 12, 13, 14, 15, 8, 10, 13, 14, 15, 8, 10, 13, 14, 15, 8, 12, 13, 14, 15]",C,"[8, 9, 13, 14, 15, 8, 10, 13, 14, 15, 8, 12, 13, 14, 15, 8, 10, 13, 14, 15, 8, 10, 13, 14, 15, 8, 12, 13, 14, 15]"
465,case_159C4,"[8, 9, 13, 14, 15, 8, 12, 13, 14, 15, 8, 11, 13, 14, 15, 8, 10, 13, 14, 15, 8, 11, 13, 14, 15, 8, 11, 13, 14, 15]",C,"[8, 9, 13, 14, 15, 8, 12, 13, 14, 15, 8, 11, 13, 14, 15, 8, 10, 13, 14, 15, 8, 11, 13, 14, 15, 8, 11, 13, 14, 15]"
3,case_0C4,"[8, 9, 13, 14, 15, 8, 10, 13, 14, 15]",C,"[8, 9, 13, 14, 15, 8, 10, 13, 14, 15]"
55,case_103C4,"[8, 9, 13, 14, 15, 8, 11, 13, 14, 15]",C,"[8, 9, 13, 14, 15, 8, 11, 13, 14, 15]"
339,case_135C4,"[8, 9, 13, 14, 15, 8, 10, 13, 14, 15, 8, 10, 13, 14, 15, 8, 12, 13, 14, 15]",C,"[8, 9, 13, 14, 15, 8, 10, 13, 14, 15, 8, 10, 13, 14, 15, 8, 12, 13, 14, 15]"
509,case_187C3,"[8, 9, 10, 15, 8, 13, 14, 15, 8, 11, 12, 15, 8, 11, 12, 15, 8, 13, 14, 15]",C,"[8, 9, 10, 15, 8, 13, 14, 15, 8, 11, 12, 15, 8, 11, 12, 15, 8, 13, 14, 15]"
464,case_157C3,"[8, 9, 10, 15, 8, 11, 12, 15, 8, 11, 12, 15, 8, 13, 14, 15]",C,"[8, 9, 10, 15, 8, 11, 12, 15, 8, 11, 12, 15, 8, 13, 14, 15]"
456,case_153C3,"[8, 9, 10, 15, 8, 13, 14, 15, 8, 13, 14, 15, 8, 11, 12, 15]",C,"[8, 9, 10, 15, 8, 13, 14, 15, 8, 13, 14, 15, 8, 11, 12, 15]"
512,case_189C3,"[8, 9, 10, 15, 8, 11, 12, 15, 8, 11, 12, 15, 8, 13, 14, 15, 8, 11, 12, 15, 8, 11, 12, 15]",C,"[8, 9, 10, 15, 8, 11, 12, 15, 8, 11, 12, 15, 8, 13, 14, 15, 8, 11, 12, 15, 8, 11, 12, 15]"
66,case_104C3,"[8, 9, 10, 15, 8, 13, 14, 15, 8, 13, 14, 15, 8, 13, 14, 15, 8, 13, 14, 15, 8, 11, 12, 15]",C,"[8, 9, 10, 15, 8, 13, 14, 15, 8, 13, 14, 15, 8, 13, 14, 15, 8, 13, 14, 15, 8, 11, 12, 15]"
41,case_102C3,"[8, 9, 10, 15, 8, 13, 14, 15]",C,"[8, 9, 10, 15, 8, 13, 14, 15]"
255,case_125C3,"[8, 9, 10, 15, 8, 13, 14, 15, 8, 11, 12, 15, 8, 13, 14, 15]",C,"[8, 9, 10, 15, 8, 13, 14, 15, 8, 11, 12, 15, 8, 13, 14, 15]"
29,case_101C3,"[8, 9, 10, 15, 8, 13, 14, 15, 8, 13, 14, 15]",C,"[8, 9, 10, 15, 8, 13, 14, 15, 8, 13, 14, 15]"
647,case_281C3,"[8, 9, 10, 15, 8, 13, 14, 15, 8, 13, 14, 15, 8, 11, 12, 15, 8, 13, 14, 15]",C,"[8, 9, 10, 15, 8, 13, 14, 15, 8, 13, 14, 15, 8, 11, 12, 15, 8, 13, 14, 15]"
2,case_0C3,"[8, 9, 10, 15, 8, 13, 14, 15, 8, 11, 12, 15, 8, 13, 14, 15, 8, 13, 14, 15]",C,"[8, 9, 10, 15, 8, 13, 14, 15, 8, 11, 12, 15, 8, 13, 14, 15, 8, 13, 14, 15]"
507,case_186C3,"[8, 9, 10, 15, 8, 13, 14, 15, 8, 13, 14, 15, 8, 13, 14, 15, 8, 11, 12, 15]",C,"[8, 9, 10, 15, 8, 13, 14, 15, 8, 13, 14, 15, 8, 13, 14, 15, 8, 11, 12, 15]"
626,case_265C3,"[8, 9, 10, 15, 8, 13, 14, 15, 8, 13, 14, 15, 8, 11, 12, 15, 8, 11, 12, 15]",C,"[8, 9, 10, 15, 8, 13, 14, 15, 8, 13, 14, 15, 8, 11, 12, 15, 8, 11, 12, 15]"
266,case_126C3,"[8, 9, 10, 15, 8, 11, 12, 15, 8, 11, 12, 15, 8, 11, 12, 15, 8, 13, 14, 15]",C,"[8, 9, 10, 15, 8, 11, 12, 15, 8, 11, 12, 15, 8, 11, 12, 15, 8, 13, 14, 15]"
136,case_110C3,"[8, 9, 10, 15, 8, 11, 12, 15, 8, 13, 14, 15, 8, 11, 12, 15]",C,"[8, 9, 10, 15, 8, 11, 12, 15, 8, 13, 14, 15, 8, 11, 12, 15]"
651,case_288C3,"[8, 9, 10, 15, 8, 11, 12, 15, 8, 13, 14, 15, 8, 13, 14, 15, 8, 13, 14, 15]",C,"[8, 9, 10, 15, 8, 11, 12, 15, 8, 13, 14, 15, 8, 13, 14, 15, 8, 13, 14, 15]"
154,case_112C3,"[8, 9, 10, 15, 8, 13, 14, 15, 8, 11, 12, 15]",C,"[8, 9, 10, 15, 8, 13, 14, 15, 8, 11, 12, 15]"
360,case_138C3,"[8, 9, 10, 15, 8, 13, 14, 15, 8, 13, 14, 15, 8, 11, 12, 15, 8, 13, 14, 15, 8, 11, 12, 15]",C,"[8, 9, 10, 15, 8, 13, 14, 15, 8, 13, 14, 15, 8, 11, 12, 15, 8, 13, 14, 15, 8, 11, 12, 15]"
499,case_180C3,"[8, 9, 10, 15, 8, 13, 14, 15, 8, 11, 12, 15, 8, 11, 12, 15, 8, 13, 14, 15, 8, 11, 12, 15]",C,"[8, 9, 10, 15, 8, 13, 14, 15, 8, 11, 12, 15, 8, 11, 12, 15, 8, 13, 14, 15, 8, 11, 12, 15]"
493,case_17C3,"[8, 9, 10, 15, 8, 13, 14, 15, 8, 11, 12, 15, 8, 13, 14, 15, 8, 13, 14, 15, 8, 11, 12, 15]",C,"[8, 9, 10, 15, 8, 13, 14, 15, 8, 11, 12, 15, 8, 13, 14, 15, 8, 13, 14, 15, 8, 11, 12, 15]"
191,case_117C3,"[8, 9, 10, 15, 8, 11, 12, 15, 8, 13, 14, 15]",C,"[8, 9, 10, 15, 8, 11, 12, 15, 8, 13, 14, 15]"
555,case_215M1,"[0, 1, 5, 6, 7, 0, 3, 4, 5, 7, 0, 5, 7, 0, 2, 5, 7, 0, 2, 5, 7, 0, 2, 5, 7]",M,"[0, 1, 5, 6, 7, 0, 3, 4, 5, 7, 0, 5, 7, 0, 2, 5, 7, 0, 2, 5, 7, 0, 2, 5, 7]"
681,case_301M1,"[0, 1, 5, 6, 7, 0, 2, 5, 7, 0, 5, 7, 0, 3, 4, 5, 7, 0, 5, 7, 0, 3, 4, 5, 7]",M,"[0, 1, 5, 6, 7, 0, 2, 5, 7, 0, 5, 7, 0, 3, 4, 5, 7, 0, 5, 7, 0, 3, 4, 5, 7]"
919,case_590M1,"[0, 1, 5, 6, 7, 0, 5, 7, 0, 5, 7, 0, 2, 5, 7, 0, 3, 4, 5, 7]",M,"[0, 1, 5, 6, 7, 0, 5, 7, 0, 5, 7, 0, 2, 5, 7, 0, 3, 4, 5, 7]"
800,case_444M1,"[0, 1, 5, 6, 7, 0, 5, 7, 0, 3, 4, 5, 7, 0, 3, 4, 5, 7]",M,"[0, 1, 5, 6, 7, 0, 5, 7, 0, 3, 4, 5, 7, 0, 3, 4, 5, 7]"
439,case_148M1,"[0, 1, 5, 6, 7, 0, 2, 5, 7, 0, 5, 7]",M,"[0, 1, 5, 6, 7, 0, 2, 5, 7, 0, 5, 7]"
827,case_476M1,"[0, 1, 5, 6, 7, 0, 5, 7, 0, 5, 7, 0, 3, 4, 5, 7, 0, 3, 4, 5, 7]",M,"[0, 1, 5, 6, 7, 0, 5, 7, 0, 5, 7, 0, 3, 4, 5, 7, 0, 3, 4, 5, 7]"
821,case_469M1,"[0, 1, 5, 6, 7, 0, 5, 7, 0, 2, 5, 7, 0, 3, 4, 5, 7, 0, 2, 5, 7]",M,"[0, 1, 5, 6, 7, 0, 5, 7, 0, 2, 5, 7, 0, 3, 4, 5, 7, 0, 2, 5, 7]"
819,case_461M1,"[0, 1, 5, 6, 7, 0, 5, 7, 0, 3, 4, 5, 7, 0, 3, 4, 5, 7, 0, 5, 7]",M,"[0, 1, 5, 6, 7, 0, 5, 7, 0, 3, 4, 5, 7, 0, 3, 4, 5, 7, 0, 5, 7]"
510,case_187M1,"[0, 1, 5, 6, 7, 0, 5, 7, 0, 2, 5, 7, 0, 5, 7]",M,"[0, 1, 5, 6, 7, 0, 5, 7, 0, 2, 5, 7, 0, 5, 7]"
70,case_104M1,"[0, 1, 5, 6, 7, 0, 5, 7, 0, 5, 7, 0, 5, 7]",M,"[0, 1, 5, 6, 7, 0, 5, 7, 0, 5, 7, 0, 5, 7]"
732,case_365M1,"[0, 1, 5, 6, 7, 0, 2, 5, 7, 0, 5, 7, 0, 2, 5, 7, 0, 5, 7]",M,"[0, 1, 5, 6, 7, 0, 2, 5, 7, 0, 5, 7, 0, 2, 5, 7, 0, 5, 7]"
553,case_213M1,"[0, 1, 5, 6, 7, 0, 3, 4, 5, 7, 0, 2, 5, 7, 0, 5, 7, 0, 5, 7, 0, 5, 7]",M,"[0, 1, 5, 6, 7, 0, 3, 4, 5, 7, 0, 2, 5, 7, 0, 5, 7, 0, 5, 7, 0, 5, 7]"
835,case_482M1,"[0, 1, 5, 6, 7, 0, 2, 5, 7, 0, 2, 5, 7, 0, 2, 5, 7, 0, 5, 7, 0, 2, 5, 7]",M,"[0, 1, 5, 6, 7, 0, 2, 5, 7, 0, 2, 5, 7, 0, 2, 5, 7, 0, 5, 7, 0, 2, 5, 7]"
787,case_42M1,"[0, 1, 5, 6, 7, 0, 5, 7, 0, 5, 7, 0, 3, 4, 5, 7, 0, 5, 7]",M,"[0, 1, 5, 6, 7, 0, 5, 7, 0, 5, 7, 0, 3, 4, 5, 7, 0, 5, 7]"
451,case_150M1,"[0, 1, 5, 6, 7, 0, 5, 7, 0, 3, 4, 5, 7, 0, 5, 7]",M,"[0, 1, 5, 6, 7, 0, 5, 7, 0, 3, 4, 5, 7, 0, 5, 7]"
667,case_298M1,"[0, 1, 5, 6, 7, 0, 2, 5, 7, 0, 5, 7, 0, 2, 5, 7, 0, 5, 7, 0, 2, 5, 7]",M,"[0, 1, 5, 6, 7, 0, 2, 5, 7, 0, 5, 7, 0, 2, 5, 7, 0, 5, 7, 0, 2, 5, 7]"
400,case_142M1,"[0, 1, 5, 6, 7, 0, 3, 4, 5, 7, 0, 2, 5, 7]",M,"[0, 1, 5, 6, 7, 0, 3, 4, 5, 7, 0, 2, 5, 7]"
707,case_331M1,"[0, 1, 5, 6, 7, 0, 5, 7, 0, 2, 5, 7, 0, 3, 4, 5, 7]",M,"[0, 1, 5, 6, 7, 0, 5, 7, 0, 2, 5, 7, 0, 3, 4, 5, 7]"
671,case_29M1,"[0, 1, 5, 6, 7, 0, 3, 4, 5, 7, 0, 2, 5, 7, 0, 5, 7, 0, 3, 4, 5, 7]",M,"[0, 1, 5, 6, 7, 0, 3, 4, 5, 7, 0, 2, 5, 7, 0, 5, 7, 0, 3, 4, 5, 7]"
558,case_217M1,"[0, 1, 5, 6, 7, 0, 5, 7, 0, 5, 7, 0, 2, 5, 7, 0, 2, 5, 7]",M,"[0, 1, 5, 6, 7, 0, 5, 7, 0, 5, 7, 0, 2, 5, 7, 0, 2, 5, 7]"
479,case_164M1,"[0, 1, 5, 6, 7, 0, 3, 4, 5, 7, 0, 5, 7, 0, 3, 4, 5, 7, 0, 2, 5, 7, 0, 2, 5, 7]",M,"[0, 1, 5, 6, 7, 0, 3, 4, 5, 7, 0, 5, 7, 0, 3, 4, 5, 7, 0, 2, 5, 7, 0, 2, 5, 7]"
459,case_154M1,"[0, 1, 5, 6, 7, 0, 5, 7, 0, 2, 5, 7, 0, 2, 5, 7]",M,"[0, 1, 5, 6, 7, 0, 5, 7, 0, 2, 5, 7, 0, 2, 5, 7]"
357,case_137M1,"[0, 1, 5, 6, 7, 0, 5, 7, 0, 5, 7, 0, 2, 5, 7, 0, 5, 7]",M,"[0, 1, 5, 6, 7, 0, 5, 7, 0, 5, 7, 0, 2, 5, 7, 0, 5, 7]"
723,case_355M1,"[0, 1, 5, 6, 7, 0, 3, 4, 5, 7, 0, 5, 7, 0, 5, 7, 0, 5, 7]",M,"[0, 1, 5, 6, 7, 0, 3, 4, 5, 7, 0, 5, 7, 0, 5, 7, 0, 5, 7]"
683,case_309M1,"[0, 1, 5, 6, 7, 0, 5, 7, 0, 2, 5, 7, 0, 5, 7, 0, 3, 4, 5, 7, 0, 2, 5, 7]",M,"[0, 1, 5, 6, 7, 0, 5, 7, 0, 2, 5, 7, 0, 5, 7, 0, 3, 4, 5, 7, 0, 2, 5, 7]"
35,case_101M1,"[0, 1, 5, 6, 7, 0, 5, 7, 0, 5, 7]",M,"[0, 1, 5, 6, 7, 0, 5, 7, 0, 5, 7]"
422,case_145M1,"[0, 1, 5, 6, 7, 0, 2, 5, 7, 0, 2, 5, 7, 0, 3, 4, 5, 7]",M,"[0, 1, 5, 6, 7, 0, 2, 5, 7, 0, 2, 5, 7, 0, 3, 4, 5, 7]"
606,case_255M1,"[0, 1, 5, 6, 7, 0, 5, 7, 0, 3, 4, 5, 7, 0, 2, 5, 7]",M,"[0, 1, 5, 6, 7, 0, 5, 7, 0, 3, 4, 5, 7, 0, 2, 5, 7]"
616,case_25M1,"[0, 1, 5, 6, 7, 0, 2, 5, 7, 0, 2, 5, 7]",M,"[0, 1, 5, 6, 7, 0, 2, 5, 7, 0, 2, 5, 7]"
882,case_531M1,"[0, 1, 5, 6, 7, 0, 5, 7, 0, 2, 5, 7, 0, 3, 4, 5, 7, 0, 5, 7, 0, 5, 7]",M,"[0, 1, 5, 6, 7, 0, 5, 7, 0, 2, 5, 7, 0, 3, 4, 5, 7, 0, 5, 7, 0, 5, 7]"
773,case_413M1,"[0, 1, 5, 6, 7, 0, 5, 7, 0, 2, 5, 7, 0, 5, 7, 0, 2, 5, 7, 0, 3, 4, 5, 7]",M,"[0, 1, 5, 6, 7, 0, 5, 7, 0, 2, 5, 7, 0, 5, 7, 0, 2, 5, 7, 0, 3, 4, 5, 7]"
700,case_325M1,"[0, 1, 5, 6, 7, 0, 5, 7, 0, 2, 5, 7, 0, 2, 5, 7, 0, 2, 5, 7]",M,"[0, 1, 5, 6, 7, 0, 5, 7, 0, 2, 5, 7, 0, 2, 5, 7, 0, 2, 5, 7]"
731,case_360M1,"[0, 1, 5, 6, 7, 0, 5, 7, 0, 2, 5, 7, 0, 2, 5, 7, 0, 5, 7, 0, 2, 5, 7]",M,"[0, 1, 5, 6, 7, 0, 5, 7, 0, 2, 5, 7, 0, 2, 5, 7, 0, 5, 7, 0, 2, 5, 7]"
837,case_486M1,"[0, 1, 5, 6, 7, 0, 2, 5, 7, 0, 3, 4, 5, 7, 0, 5, 7]",M,"[0, 1, 5, 6, 7, 0, 2, 5, 7, 0, 3, 4, 5, 7, 0, 5, 7]"
749,case_383M1,"[0, 1, 5, 6, 7, 0, 3, 4, 5, 7, 0, 5, 7, 0, 5, 7]",M,"[0, 1, 5, 6, 7, 0, 3, 4, 5, 7, 0, 5, 7, 0, 5, 7]"
159,case_112M1,"[0, 1, 5, 6, 7, 0, 2, 5, 7, 0, 2, 5, 7, 0, 2, 5, 7]",M,"[0, 1, 5, 6, 7, 0, 2, 5, 7, 0, 2, 5, 7, 0, 2, 5, 7]"
734,case_369M1,"[0, 1, 5, 6, 7, 0, 5, 7, 0, 2, 5, 7, 0, 2, 5, 7, 0, 3, 4, 5, 7, 0, 3, 4, 5, 7]",M,"[0, 1, 5, 6, 7, 0, 5, 7, 0, 2, 5, 7, 0, 2, 5, 7, 0, 3, 4, 5, 7, 0, 3, 4, 5, 7]"
750,case_384M1,"[0, 1, 5, 6, 7, 0, 3, 4, 5, 7, 0, 2, 5, 7, 0, 2, 5, 7, 0, 5, 7, 0, 5, 7]",M,"[0, 1, 5, 6, 7, 0, 3, 4, 5, 7, 0, 2, 5, 7, 0, 2, 5, 7, 0, 5, 7, 0, 5, 7]"
691,case_314M1,"[0, 1, 5, 6, 7, 0, 3, 4, 5, 7, 0, 2, 5, 7, 0, 5, 7]",M,"[0, 1, 5, 6, 7, 0, 3, 4, 5, 7, 0, 2, 5, 7, 0, 5, 7]"
896,case_562M1,"[0, 1, 5, 6, 7, 0, 5, 7, 0, 3, 4, 5, 7, 0, 3, 4, 5, 7, 0, 3, 4, 5, 7, 0, 5, 7]",M,"[0, 1, 5, 6, 7, 0, 5, 7, 0, 3, 4, 5, 7, 0, 3, 4, 5, 7, 0, 3, 4, 5, 7, 0, 5, 7]"
751,case_388M2,"[8, 9, 13, 14, 15, 8, 11, 12, 13, 15, 8, 13, 15, 8, 11, 12, 13, 15, 8, 13, 15, 8, 11, 12, 13, 15]",M,"[8, 9, 13, 14, 15, 8, 11, 12, 13, 15, 8, 13, 15, 8, 11, 12, 13, 15, 8, 13, 15, 8, 11, 12, 13, 15]"
140,case_110M2,"[8, 9, 13, 14, 15, 8, 13, 15, 8, 13, 15, 8, 13, 15, 8, 10, 13, 15]",M,"[8, 9, 13, 14, 15, 8, 13, 15, 8, 13, 15, 8, 13, 15, 8, 10, 13, 15]"
556,case_215M2,"[8, 9, 13, 14, 15, 8, 10, 13, 15, 8, 11, 12, 13, 15]",M,"[8, 9, 13, 14, 15, 8, 10, 13, 15, 8, 11, 12, 13, 15]"
745,case_37M2,"[8, 9, 13, 14, 15, 8, 11, 12, 13, 15, 8, 13, 15, 8, 13, 15, 8, 11, 12, 13, 15]",M,"[8, 9, 13, 14, 15, 8, 11, 12, 13, 15, 8, 13, 15, 8, 13, 15, 8, 11, 12, 13, 15]"
688,case_30M2,"[8, 9, 13, 14, 15, 8, 10, 13, 15, 8, 10, 13, 15, 8, 13, 15, 8, 10, 13, 15]",M,"[8, 9, 13, 14, 15, 8, 10, 13, 15, 8, 10, 13, 15, 8, 13, 15, 8, 10, 13, 15]"
869,case_515M2,"[8, 9, 13, 14, 15, 8, 13, 15, 8, 11, 12, 13, 15, 8, 13, 15, 8, 13, 15]",M,"[8, 9, 13, 14, 15, 8, 13, 15, 8, 11, 12, 13, 15, 8, 13, 15, 8, 13, 15]"
875,case_520M2,"[8, 9, 13, 14, 15, 8, 13, 15, 8, 11, 12, 13, 15, 8, 10, 13, 15, 8, 10, 13, 15]",M,"[8, 9, 13, 14, 15, 8, 13, 15, 8, 11, 12, 13, 15, 8, 10, 13, 15, 8, 10, 13, 15]"
279,case_127M2,"[8, 9, 13, 14, 15, 8, 10, 13, 15, 8, 13, 15, 8, 13, 15]",M,"[8, 9, 13, 14, 15, 8, 10, 13, 15, 8, 13, 15, 8, 13, 15]"
781,case_426M2,"[8, 9, 13, 14, 15, 8, 10, 13, 15, 8, 10, 13, 15, 8, 10, 13, 15, 8, 11, 12, 13, 15]",M,"[8, 9, 13, 14, 15, 8, 10, 13, 15, 8, 10, 13, 15, 8, 10, 13, 15, 8, 11, 12, 13, 15]"
815,case_45M2,"[8, 9, 13, 14, 15, 8, 11, 12, 13, 15, 8, 11, 12, 13, 15, 8, 10, 13, 15, 8, 11, 12, 13, 15, 8, 13, 15]",M,"[8, 9, 13, 14, 15, 8, 11, 12, 13, 15, 8, 11, 12, 13, 15, 8, 10, 13, 15, 8, 11, 12, 13, 15, 8, 13, 15]"
913,case_582M2,"[8, 9, 13, 14, 15, 8, 13, 15, 8, 13, 15, 8, 11, 12, 13, 15, 8, 11, 12, 13, 15]",M,"[8, 9, 13, 14, 15, 8, 13, 15, 8, 13, 15, 8, 11, 12, 13, 15, 8, 11, 12, 13, 15]"
888,case_549M2,"[8, 9, 13, 14, 15, 8, 13, 15, 8, 13, 15, 8, 10, 13, 15, 8, 13, 15]",M,"[8, 9, 13, 14, 15, 8, 13, 15, 8, 13, 15, 8, 10, 13, 15, 8, 13, 15]"
248,case_123M2,"[8, 9, 13, 14, 15, 8, 13, 15, 8, 13, 15, 8, 13, 15]",M,"[8, 9, 13, 14, 15, 8, 13, 15, 8, 13, 15, 8, 13, 15]"
460,case_155M2,"[8, 9, 13, 14, 15, 8, 11, 12, 13, 15, 8, 13, 15]",M,"[8, 9, 13, 14, 15, 8, 11, 12, 13, 15, 8, 13, 15]"
475,case_161M2,"[8, 9, 13, 14, 15, 8, 10, 13, 15, 8, 13, 15]",M,"[8, 9, 13, 14, 15, 8, 10, 13, 15, 8, 13, 15]"
452,case_151M2,"[8, 9, 13, 14, 15, 8, 13, 15, 8, 11, 12, 13, 15, 8, 11, 12, 13, 15, 8, 13, 15]",M,"[8, 9, 13, 14, 15, 8, 13, 15, 8, 11, 12, 13, 15, 8, 11, 12, 13, 15, 8, 13, 15]"
484,case_169M2,"[8, 9, 13, 14, 15, 8, 11, 12, 13, 15, 8, 11, 12, 13, 15, 8, 13, 15]",M,"[8, 9, 13, 14, 15, 8, 11, 12, 13, 15, 8, 11, 12, 13, 15, 8, 13, 15]"
791,case_431M2,"[8, 9, 13, 14, 15, 8, 13, 15, 8, 10, 13, 15, 8, 13, 15, 8, 10, 13, 15]",M,"[8, 9, 13, 14, 15, 8, 13, 15, 8, 10, 13, 15, 8, 13, 15, 8, 10, 13, 15]"
757,case_391M2,"[8, 9, 13, 14, 15, 8, 11, 12, 13, 15, 8, 13, 15, 8, 13, 15, 8, 13, 15, 8, 10, 13, 15]",M,"[8, 9, 13, 14, 15, 8, 11, 12, 13, 15, 8, 13, 15, 8, 13, 15, 8, 13, 15, 8, 10, 13, 15]"
261,case_125M2,"[8, 9, 13, 14, 15, 8, 13, 15, 8, 11, 12, 13, 15]",M,"[8, 9, 13, 14, 15, 8, 13, 15, 8, 11, 12, 13, 15]"
60,case_103M2,"[8, 9, 13, 14, 15, 8, 10, 13, 15]",M,"[8, 9, 13, 14, 15, 8, 10, 13, 15]"
810,case_455M2,"[8, 9, 13, 14, 15, 8, 10, 13, 15, 8, 13, 15, 8, 11, 12, 13, 15, 8, 13, 15]",M,"[8, 9, 13, 14, 15, 8, 10, 13, 15, 8, 13, 15, 8, 11, 12, 13, 15, 8, 13, 15]"
836,case_484M2,"[8, 9, 13, 14, 15, 8, 11, 12, 13, 15, 8, 11, 12, 13, 15, 8, 13, 15, 8, 11, 12, 13, 15]",M,"[8, 9, 13, 14, 15, 8, 11, 12, 13, 15, 8, 11, 12, 13, 15, 8, 13, 15, 8, 11, 12, 13, 15]"
482,case_168M2,"[8, 9, 13, 14, 15, 8, 13, 15, 8, 10, 13, 15, 8, 13, 15]",M,"[8, 9, 13, 14, 15, 8, 13, 15, 8, 10, 13, 15, 8, 13, 15]"
733,case_366M2,"[8, 9, 13, 14, 15, 8, 13, 15, 8, 13, 15, 8, 13, 15, 8, 10, 13, 15, 8, 13, 15]",M,"[8, 9, 13, 14, 15, 8, 13, 15, 8, 13, 15, 8, 13, 15, 8, 10, 13, 15, 8, 13, 15]"
792,case_433M2,"[8, 9, 13, 14, 15, 8, 11, 12, 13, 15, 8, 11, 12, 13, 15, 8, 13, 15, 8, 13, 15]",M,"[8, 9, 13, 14, 15, 8, 11, 12, 13, 15, 8, 11, 12, 13, 15, 8, 13, 15, 8, 13, 15]"
1137,case_96M2,"[8, 9, 13, 14, 15, 8, 11, 12, 13, 15, 8, 11, 12, 13, 15, 8, 10, 13, 15]",M,"[8, 9, 13, 14, 15, 8, 11, 12, 13, 15, 8, 11, 12, 13, 15, 8, 10, 13, 15]"
886,case_548M2,"[8, 9, 13, 14, 15, 8, 11, 12, 13, 15, 8, 13, 15, 8, 11, 12, 13, 15, 8, 13, 15]",M,"[8, 9, 13, 14, 15, 8, 11, 12, 13, 15, 8, 13, 15, 8, 11, 12, 13, 15, 8, 13, 15]"
920,case_592M2,"[8, 9, 13, 14, 15, 8, 10, 13, 15, 8, 11, 12, 13, 15, 8, 13, 15, 8, 10, 13, 15, 8, 11, 12, 13, 15]",M,"[8, 9, 13, 14, 15, 8, 10, 13, 15, 8, 11, 12, 13, 15, 8, 13, 15, 8, 10, 13, 15, 8, 11, 12, 13, 15]"
119,case_109M2,"[8, 9, 13, 14, 15, 8, 11, 12, 13, 15]",M,"[8, 9, 13, 14, 15, 8, 11, 12, 13, 15]"
684,case_309M2,"[8, 9, 13, 14, 15, 8, 13, 15, 8, 11, 12, 13, 15, 8, 10, 13, 15]",M,"[8, 9, 13, 14, 15, 8, 13, 15, 8, 11, 12, 13, 15, 8, 10, 13, 15]"
772,case_412M2,"[8, 9, 13, 14, 15, 8, 11, 12, 13, 15, 8, 13, 15, 8, 13, 15, 8, 11, 12, 13, 15, 8, 11, 12, 13, 15]",M,"[8, 9, 13, 14, 15, 8, 11, 12, 13, 15, 8, 13, 15, 8, 13, 15, 8, 11, 12, 13, 15, 8, 11, 12, 13, 15]"
756,case_390M2,"[8, 9, 13, 14, 15, 8, 11, 12, 13, 15, 8, 13, 15, 8, 11, 12, 13, 15, 8, 11, 12, 13, 15, 8, 13, 15]",M,"[8, 9, 13, 14, 15, 8, 11, 12, 13, 15, 8, 13, 15, 8, 11, 12, 13, 15, 8, 11, 12, 13, 15, 8, 13, 15]"
22,case_100M2,"[8, 9, 13, 14, 15, 8, 13, 15]",M,"[8, 9, 13, 14, 15, 8, 13, 15]"
855,case_4M2,"[8, 9, 13, 14, 15, 8, 10, 13, 15, 8, 13, 15, 8, 10, 13, 15, 8, 13, 15, 8, 13, 15]",M,"[8, 9, 13, 14, 15, 8, 10, 13, 15, 8, 13, 15, 8, 10, 13, 15, 8, 13, 15, 8, 13, 15]"
559,case_219M2,"[8, 9, 13, 14, 15, 8, 13, 15, 8, 13, 15, 8, 10, 13, 15, 8, 10, 13, 15]",M,"[8, 9, 13, 14, 15, 8, 13, 15, 8, 13, 15, 8, 10, 13, 15, 8, 10, 13, 15]"
454,case_152M2,"[8, 9, 13, 14, 15, 8, 10, 13, 15, 8, 10, 13, 15, 8, 13, 15]",M,"[8, 9, 13, 14, 15, 8, 10, 13, 15, 8, 10, 13, 15, 8, 13, 15]"
344,case_135M2,"[8, 9, 13, 14, 15, 8, 11, 12, 13, 15, 8, 13, 15, 8, 11, 12, 13, 15]",M,"[8, 9, 13, 14, 15, 8, 11, 12, 13, 15, 8, 13, 15, 8, 11, 12, 13, 15]"
478,case_163M2,"[8, 9, 13, 14, 15, 8, 11, 12, 13, 15, 8, 13, 15, 8, 11, 12, 13, 15, 8, 11, 12, 13, 15, 8, 11, 12, 13, 15]",M,"[8, 9, 13, 14, 15, 8, 11, 12, 13, 15, 8, 13, 15, 8, 11, 12, 13, 15, 8, 11, 12, 13, 15, 8, 11, 12, 13, 15]"
774,case_417M2,"[8, 9, 13, 14, 15, 8, 13, 15, 8, 13, 15, 8, 13, 15, 8, 13, 15]",M,"[8, 9, 13, 14, 15, 8, 13, 15, 8, 13, 15, 8, 13, 15, 8, 13, 15]"
